-- phpMyAdmin SQL Dump
-- version 4.7.7
-- https://www.phpmyadmin.net/
--
-- Servidor: localhost:3306
-- Tiempo de generación: 10-10-2018 a las 15:18:04
-- Versión del servidor: 5.6.32-78.1
-- Versión de PHP: 5.6.30

SET SQL_MODE = "NO_AUTO_VALUE_ON_ZERO";
SET AUTOCOMMIT = 0;
START TRANSACTION;
SET time_zone = "+00:00";


/*!40101 SET @OLD_CHARACTER_SET_CLIENT=@@CHARACTER_SET_CLIENT */;
/*!40101 SET @OLD_CHARACTER_SET_RESULTS=@@CHARACTER_SET_RESULTS */;
/*!40101 SET @OLD_COLLATION_CONNECTION=@@COLLATION_CONNECTION */;
/*!40101 SET NAMES utf8mb4 */;

--
-- Base de datos: `cotedemc_soporte`
--

-- --------------------------------------------------------

--
-- Estructura de tabla para la tabla `log`
--

CREATE TABLE `log` (
  `id` int(11) NOT NULL,
  `id_usuario` int(11) DEFAULT NULL,
  `ip` varchar(12) NOT NULL,
  `controlador` varchar(30) NOT NULL,
  `metodo` varchar(30) NOT NULL,
  `fecha` date NOT NULL,
  `hora` time NOT NULL
) ENGINE=InnoDB DEFAULT CHARSET=latin1;

--
-- Volcado de datos para la tabla `log`
--

INSERT INTO `log` (`id`, `id_usuario`, `ip`, `controlador`, `metodo`, `fecha`, `hora`) VALUES
(1, 1, '::1', 'login', 'index', '2018-09-10', '16:17:28'),
(2, NULL, '181.199.32.2', 'login', 'index', '2018-10-04', '17:37:08'),
(3, NULL, '181.199.32.2', 'login', 'index', '2018-10-04', '17:41:30'),
(4, 1, '181.199.32.2', 'login', 'index', '2018-10-04', '17:41:30'),
(5, 1, '181.199.32.2', 'principal', 'index', '2018-10-04', '17:41:31'),
(6, 1, '181.199.32.2', 'app', 'index', '2018-10-04', '17:41:37'),
(7, 1, '181.199.32.2', 'app', 'index', '2018-10-04', '17:41:37'),
(8, 1, '181.199.32.2', 'servicio', 'index', '2018-10-04', '17:43:17'),
(9, 1, '181.199.32.2', 'solicitudes', 'index', '2018-10-04', '17:44:07'),
(10, 1, '181.199.32.2', 'servicio', 'index', '2018-10-04', '17:44:11'),
(11, 1, '181.199.32.2', 'solicitudes', 'index', '2018-10-04', '17:44:13'),
(12, 1, '181.199.32.2', 'principal', 'index', '2018-10-04', '17:48:06'),
(13, 1, '181.199.32.2', 'servicio', 'index', '2018-10-04', '17:48:06'),
(14, 1, '181.199.32.2', 'admin_servicios', 'index', '2018-10-04', '17:48:11'),
(15, 1, '181.199.32.2', 'supervisor', 'index', '2018-10-04', '17:48:21'),
(16, 1, '181.199.32.2', 'solicitudes', 'index', '2018-10-04', '17:48:23'),
(17, 1, '181.199.32.2', 'servicio', 'index', '2018-10-04', '17:48:26'),
(18, 1, '181.199.32.2', 'servicio', 'index', '2018-10-04', '17:48:26'),
(19, NULL, '181.199.32.2', 'supervisor', 'index', '2018-10-04', '17:50:03'),
(20, NULL, '181.199.32.2', 'login', 'index', '2018-10-04', '17:50:03'),
(21, 2, '181.199.32.2', 'servicio', 'index', '2018-10-04', '17:51:29'),
(22, 2, '181.199.32.2', 'servicio', 'registrar_servicio', '2018-10-04', '17:52:07'),
(23, 2, '181.199.32.2', 'servicio', 'index', '2018-10-04', '17:52:08'),
(24, 2, '181.199.32.2', 'admin_servicios', 'index', '2018-10-04', '17:52:15'),
(25, 2, '181.199.32.2', 'admin_servicios', 'index', '2018-10-04', '17:52:16'),
(26, 2, '181.199.32.2', 'app', 'index', '2018-10-04', '17:52:16'),
(27, 2, '181.199.32.2', 'admin_servicios', 'buscar_servicio_usuario', '2018-10-04', '17:52:20'),
(28, 2, '181.199.32.2', 'servicio', 'index', '2018-10-04', '17:52:58'),
(29, 2, '181.199.32.2', 'admin_servicios', 'index', '2018-10-04', '17:53:34'),
(30, 2, '181.199.32.2', 'admin_servicios', 'buscar_servicio_usuario', '2018-10-04', '17:53:36'),
(31, 2, '181.199.32.2', 'admin_servicios', 'cambiar_estatus_servicio', '2018-10-04', '17:56:32'),
(32, 2, '181.199.32.2', 'admin_servicios', 'index', '2018-10-04', '17:56:33'),
(33, 2, '181.199.32.2', 'servicio', 'index', '2018-10-04', '17:58:49'),
(34, 2, '181.199.32.2', 'servicio', 'registrar_servicio', '2018-10-04', '17:59:42'),
(35, 2, '181.199.32.2', 'servicio', 'index', '2018-10-04', '17:59:43'),
(36, 2, '181.199.32.2', 'admin_servicios', 'index', '2018-10-04', '18:00:04'),
(37, 2, '181.199.32.2', 'admin_servicios', 'index', '2018-10-04', '18:00:17'),
(38, 2, '181.199.32.2', 'admin_servicios', 'index', '2018-10-04', '18:00:22'),
(39, 2, '181.199.32.2', 'solicitudes', 'index', '2018-10-04', '18:00:26'),
(40, 2, '181.199.32.2', 'servicio', 'index', '2018-10-04', '18:00:32'),
(41, 2, '181.199.32.2', 'login', 'cerrar', '2018-10-04', '18:00:57'),
(42, NULL, '181.199.32.2', 'login', 'index', '2018-10-04', '18:00:59'),
(43, NULL, '181.199.32.2', 'login', 'index', '2018-10-04', '18:01:06'),
(44, 78, '181.199.32.2', 'login', 'index', '2018-10-04', '18:01:06'),
(45, 78, '181.199.32.2', 'principal', 'index', '2018-10-04', '18:01:09'),
(46, 1, '181.199.32.2', 'servicio', 'index', '2018-10-04', '18:01:13'),
(47, 78, '181.199.32.2', 'servicio', 'index', '2018-10-04', '18:01:13'),
(48, 1, '181.199.32.2', 'servicio', 'index', '2018-10-04', '18:01:14'),
(49, 1, '181.199.32.2', 'solicitudes', 'index', '2018-10-04', '18:01:17'),
(50, 78, '181.199.32.2', 'solicitudes', 'index', '2018-10-04', '18:01:20'),
(51, 1, '181.199.32.2', 'supervisor', 'index', '2018-10-04', '18:01:20'),
(52, 78, '181.199.32.2', 'supervisor', 'index', '2018-10-04', '18:01:25'),
(53, 78, '181.199.32.2', 'login', 'cerrar', '2018-10-04', '18:01:41'),
(54, NULL, '181.199.32.2', 'login', 'index', '2018-10-04', '18:01:41'),
(55, NULL, '181.199.32.2', 'login', 'index', '2018-10-04', '18:01:50'),
(56, 2, '181.199.32.2', 'login', 'index', '2018-10-04', '18:01:51'),
(57, 2, '181.199.32.2', 'principal', 'index', '2018-10-04', '18:01:51'),
(58, 2, '181.199.32.2', 'login', 'cerrar', '2018-10-04', '18:02:00'),
(59, NULL, '181.199.32.2', 'login', 'index', '2018-10-04', '18:02:00'),
(60, NULL, '181.199.32.2', 'login', 'index', '2018-10-04', '18:02:20'),
(61, 78, '181.199.32.2', 'login', 'index', '2018-10-04', '18:02:21'),
(62, 78, '181.199.32.2', 'principal', 'index', '2018-10-04', '18:02:21'),
(63, 78, '181.199.32.2', 'supervisor', 'index', '2018-10-04', '18:02:25'),
(64, 78, '181.199.32.2', 'supervisor', 'buscar_x_fecha', '2018-10-04', '18:02:46'),
(65, 78, '181.199.32.2', 'pdf', 'reporte_x_empresa', '2018-10-04', '18:02:50'),
(66, NULL, '181.199.32.2', 'principal', 'index', '2018-10-04', '18:04:52'),
(67, NULL, '181.199.32.2', 'login', 'index', '2018-10-04', '18:04:52'),
(68, 78, '181.199.32.2', 'login', 'cerrar', '2018-10-04', '18:05:05'),
(69, NULL, '181.199.32.2', 'login', 'index', '2018-10-04', '18:05:06'),
(70, NULL, '181.199.32.2', 'login', 'index', '2018-10-04', '18:05:12'),
(71, 2, '181.199.32.2', 'login', 'index', '2018-10-04', '18:05:13'),
(72, 2, '181.199.32.2', 'principal', 'index', '2018-10-04', '18:05:13'),
(73, 2, '181.199.32.2', 'servicio', 'index', '2018-10-04', '18:06:18'),
(74, 2, '181.199.32.2', 'admin_servicios', 'index', '2018-10-04', '18:06:34'),
(75, 2, '181.199.32.2', 'admin_servicios', 'buscar_servicio_usuario', '2018-10-04', '18:06:37'),
(76, 1, '181.199.32.2', 'solicitudes', 'index', '2018-10-04', '18:07:39'),
(77, 1, '181.199.32.2', 'solicitudes', 'index', '2018-10-04', '18:07:43'),
(78, 1, '181.199.32.2', 'admin_servicios', 'index', '2018-10-04', '18:07:46'),
(79, 1, '181.199.32.2', 'admin_servicios', 'buscar_servicio_solucionado', '2018-10-04', '18:07:50'),
(80, 1, '181.199.32.2', 'app', 'index', '2018-10-04', '18:10:10'),
(81, 2, '181.199.32.2', 'admin_servicios', 'cambiar_estatus_servicio', '2018-10-04', '18:14:37'),
(82, 2, '181.199.32.2', 'admin_servicios', 'index', '2018-10-04', '18:14:38'),
(83, 2, '181.199.32.2', 'admin_servicios', 'buscar_servicio_solucionado', '2018-10-04', '18:15:07'),
(84, NULL, '181.199.32.2', 'login', 'index', '2018-10-04', '18:21:55'),
(85, NULL, '181.199.32.2', 'login', 'index', '2018-10-04', '18:22:05'),
(86, 2, '181.199.32.2', 'login', 'index', '2018-10-04', '18:22:06'),
(87, 2, '181.199.32.2', 'principal', 'index', '2018-10-04', '18:22:06'),
(88, 2, '181.199.32.2', 'admin_servicios', 'index', '2018-10-04', '18:22:14'),
(89, 2, '181.199.32.2', 'admin_servicios', 'buscar_servicio_solucionado', '2018-10-04', '18:22:20'),
(90, 2, '181.199.32.2', 'admin_servicios', 'buscar_servicio_solucionado', '2018-10-04', '18:22:32'),
(91, 2, '181.199.32.2', 'admin_servicios', 'buscar_servicios_solucionados', '2018-10-04', '18:23:06'),
(92, 2, '181.199.32.2', 'admin_servicios', 'buscar_servicios_solucionados', '2018-10-04', '18:23:06'),
(93, 2, '181.199.32.2', 'admin_servicios', 'buscar_servicios_solucionados', '2018-10-04', '18:23:06'),
(94, 2, '181.199.32.2', 'admin_servicios', 'buscar_servicios_solucionados', '2018-10-04', '18:23:07'),
(95, 2, '181.199.32.2', 'admin_servicios', 'buscar_servicios_solucionados', '2018-10-04', '18:23:07'),
(96, 2, '181.199.32.2', 'admin_servicios', 'buscar_servicios_solucionados', '2018-10-04', '18:23:09'),
(97, 2, '181.199.32.2', 'admin_servicios', 'buscar_servicios_solucionados', '2018-10-04', '18:23:09'),
(98, 2, '181.199.32.2', 'admin_servicios', 'buscar_servicios_solucionados', '2018-10-04', '18:23:10'),
(99, 2, '181.199.32.2', 'admin_servicios', 'buscar_servicios_solucionados', '2018-10-04', '18:23:10'),
(100, 2, '181.199.32.2', 'admin_servicios', 'buscar_servicios_solucionados', '2018-10-04', '18:23:11'),
(101, 2, '181.199.32.2', 'admin_servicios', 'buscar_servicios_solucionados', '2018-10-04', '18:23:11'),
(102, 2, '181.199.32.2', 'admin_servicios', 'buscar_servicios_solucionados', '2018-10-04', '18:23:11'),
(103, 2, '181.199.32.2', 'admin_servicios', 'buscar_servicios_solucionados', '2018-10-04', '18:23:12'),
(104, 2, '181.199.32.2', 'admin_servicios', 'buscar_servicios_solucionados', '2018-10-04', '18:23:12'),
(105, 2, '181.199.32.2', 'admin_servicios', 'buscar_servicios_solucionados', '2018-10-04', '18:23:12'),
(106, 2, '181.199.32.2', 'admin_servicios', 'buscar_servicios_solucionados', '2018-10-04', '18:23:13'),
(107, 2, '181.199.32.2', 'admin_servicios', 'buscar_servicios_solucionados', '2018-10-04', '18:23:13'),
(108, 2, '181.199.32.2', 'admin_servicios', 'buscar_servicios_solucionados', '2018-10-04', '18:23:13'),
(109, 2, '181.199.32.2', 'admin_servicios', 'buscar_servicios_solucionados', '2018-10-04', '18:23:13'),
(110, 2, '181.199.32.2', 'admin_servicios', 'buscar_servicios_solucionados', '2018-10-04', '18:23:13'),
(111, 2, '181.199.32.2', 'admin_servicios', 'buscar_servicios_solucionados', '2018-10-04', '18:23:13'),
(112, 2, '181.199.32.2', 'admin_servicios', 'buscar_servicios_solucionados', '2018-10-04', '18:23:15'),
(113, 2, '181.199.32.2', 'admin_servicios', 'buscar_servicios_solucionados', '2018-10-04', '18:23:15'),
(114, 2, '181.199.32.2', 'admin_servicios', 'buscar_servicios_solucionados', '2018-10-04', '18:23:15'),
(115, 2, '181.199.32.2', 'admin_servicios', 'buscar_servicios_solucionados', '2018-10-04', '18:23:16'),
(116, 2, '181.199.32.2', 'admin_servicios', 'buscar_servicios_solucionados', '2018-10-04', '18:23:16'),
(117, 2, '181.199.32.2', 'admin_servicios', 'buscar_servicios_solucionados', '2018-10-04', '18:23:16'),
(118, 2, '181.199.32.2', 'admin_servicios', 'buscar_servicios_solucionados', '2018-10-04', '18:23:16'),
(119, 2, '181.199.32.2', 'admin_servicios', 'buscar_servicios_solucionados', '2018-10-04', '18:23:20'),
(120, 2, '181.199.32.2', 'admin_servicios', 'buscar_servicios_solucionados', '2018-10-04', '18:23:20'),
(121, 2, '181.199.32.2', 'admin_servicios', 'buscar_servicios_solucionados', '2018-10-04', '18:23:20'),
(122, 2, '181.199.32.2', 'admin_servicios', 'buscar_servicios_solucionados', '2018-10-04', '18:23:20'),
(123, 2, '181.199.32.2', 'admin_servicios', 'buscar_servicios_solucionados', '2018-10-04', '18:23:21'),
(124, 2, '181.199.32.2', 'admin_servicios', 'buscar_servicios_solucionados', '2018-10-04', '18:23:21'),
(125, 2, '181.199.32.2', 'admin_servicios', 'buscar_servicio_solucionado', '2018-10-04', '18:23:34'),
(126, 2, '181.199.32.2', 'admin_servicios', 'buscar_servicio_solucionado', '2018-10-04', '18:23:42'),
(127, 2, '181.199.32.2', 'admin_servicios', 'buscar_servicio_solucionado', '2018-10-04', '18:23:48'),
(128, 2, '181.199.32.2', 'admin_servicios', 'buscar_servicio_solucionado', '2018-10-04', '18:24:11'),
(129, 2, '181.199.32.2', 'admin_servicios', 'buscar_servicios_solucionados', '2018-10-04', '18:24:25'),
(130, 2, '181.199.32.2', 'admin_servicios', 'buscar_servicios_solucionados', '2018-10-04', '18:24:25'),
(131, 2, '181.199.32.2', 'admin_servicios', 'buscar_servicios_solucionados', '2018-10-04', '18:24:25'),
(132, 2, '181.199.32.2', 'admin_servicios', 'buscar_servicios_solucionados', '2018-10-04', '18:24:26'),
(133, 2, '181.199.32.2', 'admin_servicios', 'buscar_servicios_solucionados', '2018-10-04', '18:24:26'),
(134, 2, '181.199.32.2', 'admin_servicios', 'buscar_servicios_solucionados', '2018-10-04', '18:24:26'),
(135, 2, '181.199.32.2', 'admin_servicios', 'buscar_servicios_solucionados', '2018-10-04', '18:24:27'),
(136, 2, '181.199.32.2', 'admin_servicios', 'buscar_servicios_solucionados', '2018-10-04', '18:24:27'),
(137, 2, '181.199.32.2', 'admin_servicios', 'buscar_servicios_solucionados', '2018-10-04', '18:24:28'),
(138, 2, '181.199.32.2', 'admin_servicios', 'buscar_servicios_solucionados', '2018-10-04', '18:24:28'),
(139, 2, '181.199.32.2', 'admin_servicios', 'buscar_servicios_solucionados', '2018-10-04', '18:24:28'),
(140, 2, '181.199.32.2', 'admin_servicios', 'buscar_servicios_solucionados', '2018-10-04', '18:24:29'),
(141, 2, '181.199.32.2', 'admin_servicios', 'buscar_servicios_solucionados', '2018-10-04', '18:24:29'),
(142, 2, '181.199.32.2', 'admin_servicios', 'buscar_servicios_solucionados', '2018-10-04', '18:24:31'),
(143, 2, '181.199.32.2', 'admin_servicios', 'buscar_servicios_solucionados', '2018-10-04', '18:24:31'),
(144, 2, '181.199.32.2', 'admin_servicios', 'buscar_servicios_solucionados', '2018-10-04', '18:24:32'),
(145, 2, '181.199.32.2', 'admin_servicios', 'buscar_servicios_solucionados', '2018-10-04', '18:24:32'),
(146, 2, '181.199.32.2', 'admin_servicios', 'buscar_servicios_solucionados', '2018-10-04', '18:24:32'),
(147, 2, '181.199.32.2', 'admin_servicios', 'buscar_servicios_solucionados', '2018-10-04', '18:24:33'),
(148, 2, '181.199.32.2', 'admin_servicios', 'buscar_servicio_solucionado', '2018-10-04', '18:24:40'),
(149, 2, '181.199.32.2', 'admin_servicios', 'buscar_servicio_solucionado', '2018-10-04', '18:25:04'),
(150, 2, '181.199.32.2', 'admin_servicios', 'buscar_servicio_solucionado', '2018-10-04', '18:25:08'),
(151, 2, '181.199.32.2', 'admin_servicios', 'index', '2018-10-04', '18:25:25'),
(152, 2, '181.199.32.2', 'app', 'index', '2018-10-04', '18:25:29'),
(153, 2, '181.199.32.2', 'admin_servicios', 'index', '2018-10-04', '18:25:38'),
(154, 2, '181.199.32.2', 'app', 'index', '2018-10-04', '18:25:42'),
(155, 2, '181.199.32.2', 'servicio', 'index', '2018-10-04', '18:26:20'),
(156, 2, '181.199.32.2', 'supervisor', 'index', '2018-10-04', '18:26:28'),
(157, 2, '181.199.32.2', 'pdf', 'reporte_x_empresa', '2018-10-04', '18:26:44'),
(158, 2, '181.199.32.2', 'solicitudes', 'index', '2018-10-04', '18:27:04'),
(159, 2, '181.199.32.2', 'admin_servicios', 'index', '2018-10-04', '18:27:26'),
(160, 2, '181.199.32.2', 'admin_servicios', 'buscar_servicios_solucionados', '2018-10-04', '18:27:36'),
(161, 2, '181.199.32.2', 'admin_servicios', 'buscar_servicios_solucionados', '2018-10-04', '18:27:36'),
(162, 2, '181.199.32.2', 'admin_servicios', 'buscar_servicios_solucionados', '2018-10-04', '18:27:36'),
(163, 2, '181.199.32.2', 'admin_servicios', 'buscar_servicios_solucionados', '2018-10-04', '18:27:36'),
(164, 2, '181.199.32.2', 'admin_servicios', 'buscar_servicios_solucionados', '2018-10-04', '18:27:38'),
(165, 2, '181.199.32.2', 'admin_servicios', 'buscar_servicios_solucionados', '2018-10-04', '18:27:38'),
(166, 2, '181.199.32.2', 'admin_servicios', 'buscar_servicios_solucionados', '2018-10-04', '18:27:39'),
(167, 2, '181.199.32.2', 'admin_servicios', 'buscar_servicios_solucionados', '2018-10-04', '18:27:39'),
(168, 2, '181.199.32.2', 'admin_servicios', 'buscar_servicios_solucionados', '2018-10-04', '18:27:39'),
(169, 2, '181.199.32.2', 'admin_servicios', 'buscar_servicios_solucionados', '2018-10-04', '18:27:39'),
(170, 2, '181.199.32.2', 'admin_servicios', 'buscar_servicios_solucionados', '2018-10-04', '18:27:40'),
(171, 2, '181.199.32.2', 'app', 'index', '2018-10-04', '18:28:03'),
(172, 2, '181.199.32.2', 'app', 'buscar_usuario', '2018-10-04', '18:31:45'),
(173, 2, '181.199.32.2', 'app', 'buscar_usuario', '2018-10-04', '18:31:45'),
(174, 2, '181.199.32.2', 'app', 'editar_usuario', '2018-10-04', '18:31:49'),
(175, 2, '181.199.32.2', 'app', 'buscar_roles', '2018-10-04', '18:31:50'),
(176, 2, '181.199.32.2', 'app', 'modificar_usuario', '2018-10-04', '18:31:58'),
(177, 2, '181.199.32.2', 'servicio', 'index', '2018-10-04', '18:32:04'),
(178, 2, '181.199.32.2', 'servicio', 'registrar_servicio', '2018-10-04', '18:34:52'),
(179, 2, '181.199.32.2', 'servicio', 'index', '2018-10-04', '18:34:52'),
(180, 2, '181.199.32.2', 'admin_servicios', 'index', '2018-10-04', '18:34:58'),
(181, 2, '181.199.32.2', 'admin_servicios', 'buscar_servicio_usuario', '2018-10-04', '18:35:01'),
(182, NULL, '181.199.32.2', 'login', 'index', '2018-10-04', '18:38:32'),
(183, 2, '181.199.32.2', 'admin_servicios', 'index', '2018-10-04', '18:41:08'),
(184, 2, '181.199.32.2', 'admin_servicios', 'buscar_servicio_usuario', '2018-10-04', '18:41:12'),
(185, 2, '181.199.32.2', 'admin_servicios', 'cambiar_estatus_servicio', '2018-10-04', '18:46:19'),
(186, 2, '181.199.32.2', 'admin_servicios', 'index', '2018-10-04', '18:46:20'),
(187, 2, '181.199.32.2', 'app', 'index', '2018-10-04', '18:46:51'),
(188, 2, '181.199.32.2', 'supervisor', 'index', '2018-10-04', '18:46:59'),
(189, 2, '181.199.32.2', 'solicitudes', 'index', '2018-10-04', '18:47:00'),
(190, 2, '181.199.32.2', 'app', 'index', '2018-10-04', '18:47:04'),
(191, 2, '181.199.32.2', 'app', 'buscar_usuario', '2018-10-04', '18:47:18'),
(192, 2, '181.199.32.2', 'app', 'buscar_usuario', '2018-10-04', '18:47:18'),
(193, 2, '181.199.32.2', 'app', 'buscar_usuario', '2018-10-04', '18:47:19'),
(194, 2, '181.199.32.2', 'app', 'buscar_usuario', '2018-10-04', '18:47:20'),
(195, 2, '181.199.32.2', 'app', 'buscar_usuario', '2018-10-04', '18:47:21'),
(196, 2, '181.199.32.2', 'app', 'buscar_usuario', '2018-10-04', '18:47:21'),
(197, 2, '181.199.32.2', 'app', 'buscar_usuario', '2018-10-04', '18:47:21'),
(198, 2, '181.199.32.2', 'app', 'buscar_usuario', '2018-10-04', '18:47:22'),
(199, 2, '181.199.32.2', 'app', 'buscar_usuario', '2018-10-04', '18:47:23'),
(200, 2, '181.199.32.2', 'app', 'buscar_usuario', '2018-10-04', '18:47:24'),
(201, 2, '181.199.32.2', 'app', 'buscar_usuario', '2018-10-04', '18:47:24'),
(202, 2, '181.199.32.2', 'app', 'buscar_usuario', '2018-10-04', '18:47:25'),
(203, 2, '181.199.32.2', 'app', 'buscar_usuario', '2018-10-04', '18:47:25'),
(204, 2, '181.199.32.2', 'app', 'editar_usuario', '2018-10-04', '18:47:34'),
(205, 2, '181.199.32.2', 'app', 'buscar_roles', '2018-10-04', '18:47:34'),
(206, 2, '181.199.32.2', 'app', 'modificar_usuario', '2018-10-04', '18:47:51'),
(207, NULL, '181.199.32.2', 'principal', 'index', '2018-10-04', '21:34:21'),
(208, NULL, '181.199.32.2', 'login', 'index', '2018-10-04', '21:34:22'),
(209, NULL, '181.199.32.2', 'login', 'index', '2018-10-04', '21:34:29'),
(210, 2, '181.199.32.2', 'login', 'index', '2018-10-04', '21:34:29'),
(211, 2, '181.199.32.2', 'principal', 'index', '2018-10-04', '21:34:30'),
(212, 2, '181.199.32.2', 'servicio', 'index', '2018-10-04', '21:34:32'),
(213, 2, '181.199.32.2', 'admin_servicios', 'index', '2018-10-04', '21:35:03'),
(214, 2, '181.199.32.2', 'admin_servicios', 'index', '2018-10-04', '21:35:10'),
(215, 2, '181.199.32.2', 'app', 'index', '2018-10-04', '21:35:15'),
(216, 2, '181.199.32.2', 'admin_servicios', 'index', '2018-10-04', '21:35:18'),
(217, NULL, '181.199.32.2', 'login', 'index', '2018-10-04', '21:36:06'),
(218, NULL, '181.199.32.2', 'login', 'index', '2018-10-04', '21:36:19'),
(219, 78, '181.199.32.2', 'login', 'index', '2018-10-04', '21:36:19'),
(220, 78, '181.199.32.2', 'principal', 'index', '2018-10-04', '21:36:19'),
(221, 78, '181.199.32.2', 'servicio', 'index', '2018-10-04', '21:36:24'),
(222, 78, '181.199.32.2', 'solicitudes', 'index', '2018-10-04', '21:36:26'),
(223, 78, '181.199.32.2', 'servicio', 'index', '2018-10-04', '21:36:43'),
(224, 78, '181.199.32.2', 'servicio', 'registrar_servicio', '2018-10-04', '21:37:31'),
(225, 78, '181.199.32.2', 'servicio', 'index', '2018-10-04', '21:37:31'),
(226, 78, '181.199.32.2', 'solicitudes', 'index', '2018-10-04', '21:37:34'),
(227, 2, '181.199.32.2', 'admin_servicios', 'index', '2018-10-04', '21:37:43'),
(228, 2, '181.199.32.2', 'admin_servicios', 'buscar_servicio_usuario', '2018-10-04', '21:37:50'),
(229, 78, '181.199.32.2', 'login', 'cerrar', '2018-10-04', '21:37:57'),
(230, NULL, '181.199.32.2', 'login', 'index', '2018-10-04', '21:37:58'),
(231, NULL, '181.199.32.2', 'login', 'index', '2018-10-04', '21:38:02'),
(232, NULL, '181.199.32.2', 'login', 'index', '2018-10-04', '21:38:14'),
(233, 2, '181.199.32.2', 'login', 'index', '2018-10-04', '21:38:15'),
(234, 2, '181.199.32.2', 'principal', 'index', '2018-10-04', '21:38:15'),
(235, 2, '181.199.32.2', 'admin_servicios', 'index', '2018-10-04', '21:38:19'),
(236, 2, '181.199.32.2', 'admin_servicios', 'buscar_servicio_usuario', '2018-10-04', '21:39:16'),
(237, 2, '181.199.32.2', 'admin_servicios', 'cambiar_estatus_servicio', '2018-10-04', '21:40:53'),
(238, 2, '181.199.32.2', 'admin_servicios', 'index', '2018-10-04', '21:40:54'),
(239, 2, '181.199.32.2', 'login', 'cerrar', '2018-10-04', '22:09:22'),
(240, NULL, '181.199.32.2', 'login', 'index', '2018-10-04', '22:09:22'),
(241, NULL, '181.199.32.2', 'login', 'index', '2018-10-04', '22:09:31'),
(242, 29, '181.199.32.2', 'login', 'index', '2018-10-04', '22:09:32'),
(243, 29, '181.199.32.2', 'principal', 'index', '2018-10-04', '22:09:32'),
(244, 29, '181.199.32.2', 'servicio', 'index', '2018-10-04', '22:09:40'),
(245, 29, '181.199.32.2', 'solicitudes', 'index', '2018-10-04', '22:09:48'),
(246, 29, '181.199.32.2', 'servicio', 'buscar_servicio_usuario', '2018-10-04', '22:09:54'),
(247, 29, '181.199.32.2', 'supervisor', 'index', '2018-10-04', '22:10:07'),
(248, 29, '181.199.32.2', 'pdf', 'reporte_x_empresa', '2018-10-04', '22:10:14'),
(249, 29, '181.199.32.2', 'login', 'cerrar', '2018-10-04', '22:10:29'),
(250, NULL, '181.199.32.2', 'login', 'index', '2018-10-04', '22:10:29'),
(251, NULL, '181.199.32.2', 'login', 'index', '2018-10-04', '22:10:36'),
(252, 78, '181.199.32.2', 'login', 'index', '2018-10-04', '22:10:36'),
(253, 78, '181.199.32.2', 'principal', 'index', '2018-10-04', '22:10:37'),
(254, 78, '181.199.32.2', 'supervisor', 'index', '2018-10-04', '22:10:58'),
(255, 78, '181.199.32.2', 'admin_servicios', 'buscar_servicio_solucionado', '2018-10-04', '22:11:16'),
(256, 78, '181.199.32.2', 'pdf', 'reporte_x_empresa', '2018-10-04', '22:11:51'),
(257, 78, '181.199.32.2', 'login', 'cerrar', '2018-10-04', '22:16:25'),
(258, NULL, '181.199.32.2', 'login', 'index', '2018-10-04', '22:16:26'),
(259, 2, '181.199.32.2', 'admin_servicios', 'index', '2018-10-04', '22:16:37'),
(260, 2, '181.199.32.2', 'servicio', 'index', '2018-10-04', '22:16:45'),
(261, 2, '181.199.32.2', 'servicio', 'registrar_servicio', '2018-10-04', '22:18:57'),
(262, 2, '181.199.32.2', 'servicio', 'index', '2018-10-04', '22:18:58'),
(263, NULL, '186.46.62.21', 'login', 'index', '2018-10-05', '09:58:05'),
(264, NULL, '186.46.62.21', 'login', 'index', '2018-10-05', '11:32:52'),
(265, NULL, '186.46.62.21', 'login', 'index', '2018-10-05', '11:33:07'),
(266, 2, '186.46.62.21', 'login', 'index', '2018-10-05', '11:33:07'),
(267, 2, '186.46.62.21', 'principal', 'index', '2018-10-05', '11:33:08'),
(268, 2, '186.46.62.21', 'servicio', 'index', '2018-10-05', '11:33:23'),
(269, 2, '186.46.62.21', 'admin_servicios', 'index', '2018-10-05', '11:34:44'),
(270, 2, '186.46.62.21', 'login', 'cerrar', '2018-10-05', '11:35:02'),
(271, NULL, '186.46.62.21', 'login', 'cerrar', '2018-10-05', '11:35:09'),
(272, NULL, '186.46.62.21', 'login', 'index', '2018-10-05', '11:35:09'),
(273, NULL, '186.46.62.21', 'login', 'cerrar', '2018-10-05', '11:35:10'),
(274, NULL, '186.46.62.21', 'login', 'index', '2018-10-05', '11:35:11'),
(275, NULL, '186.46.62.21', 'login', 'index', '2018-10-05', '11:35:27'),
(276, 19, '186.46.62.21', 'login', 'index', '2018-10-05', '11:35:27'),
(277, 19, '186.46.62.21', 'principal', 'index', '2018-10-05', '11:35:27'),
(278, 19, '186.46.62.21', 'supervisor', 'index', '2018-10-05', '11:35:32'),
(279, 19, '186.46.62.21', 'admin_servicios', 'buscar_servicio_solucionado', '2018-10-05', '11:35:51'),
(280, 19, '186.46.62.21', 'pdf', 'reporte_x_empresa', '2018-10-05', '11:36:09'),
(281, 19, '186.46.62.21', 'login', 'cerrar', '2018-10-05', '11:41:06'),
(282, NULL, '186.46.62.21', 'login', 'index', '2018-10-05', '11:41:07'),
(283, NULL, '186.46.62.21', 'principal', 'index', '2018-10-05', '12:16:17'),
(284, NULL, '186.46.62.21', 'login', 'index', '2018-10-05', '12:16:17'),
(285, NULL, '186.46.62.21', 'login', 'index', '2018-10-05', '12:16:39'),
(286, 2, '186.46.62.21', 'login', 'index', '2018-10-05', '12:16:41'),
(287, 2, '186.46.62.21', 'principal', 'index', '2018-10-05', '12:16:42'),
(288, 2, '186.46.62.21', 'admin_servicios', 'index', '2018-10-05', '12:16:50'),
(289, 2, '186.46.62.21', 'servicio', 'index', '2018-10-05', '12:17:04'),
(290, 2, '186.46.62.21', 'solicitudes', 'index', '2018-10-05', '12:18:05'),
(291, 2, '186.46.62.21', 'admin_servicios', 'index', '2018-10-05', '12:18:12'),
(292, 2, '186.46.62.21', 'admin_servicios', 'index', '2018-10-05', '12:18:54'),
(293, NULL, '181.199.32.2', 'login', 'index', '2018-10-05', '12:41:02'),
(294, NULL, '181.199.32.2', 'login', 'index', '2018-10-05', '12:45:17'),
(295, NULL, '181.199.32.2', 'login', 'index', '2018-10-05', '12:46:22'),
(296, 1, '181.199.32.2', 'login', 'index', '2018-10-05', '12:46:23'),
(297, 1, '181.199.32.2', 'principal', 'index', '2018-10-05', '12:46:27'),
(298, 1, '181.199.32.2', 'servicio', 'index', '2018-10-05', '12:46:46'),
(299, 1, '181.199.32.2', 'servicio', 'registrar_servicio', '2018-10-05', '12:47:02'),
(300, 1, '181.199.32.2', 'servicio', 'index', '2018-10-05', '12:47:02'),
(301, 1, '181.199.32.2', 'solicitudes', 'index', '2018-10-05', '12:47:08'),
(302, 1, '181.199.32.2', 'admin_servicios', 'index', '2018-10-05', '12:47:10'),
(303, 2, '190.63.255.2', 'servicio', 'index', '2018-10-05', '14:15:33'),
(304, 2, '190.63.255.2', 'admin_servicios', 'index', '2018-10-05', '14:16:51'),
(305, 2, '190.63.255.2', 'admin_servicios', 'index', '2018-10-05', '14:17:09'),
(306, 2, '190.63.255.2', 'admin_servicios', 'index', '2018-10-05', '14:17:24'),
(307, 1, '181.199.32.2', 'login', 'index', '2018-10-05', '14:40:49'),
(308, 1, '181.199.32.2', 'principal', 'index', '2018-10-05', '14:40:49'),
(309, 1, '181.199.32.2', 'admin_servicios', 'index', '2018-10-05', '14:40:59'),
(310, 1, '181.199.32.2', 'servicio', 'index', '2018-10-05', '14:41:45'),
(311, 1, '181.199.32.2', 'servicio', 'registrar_servicio', '2018-10-05', '14:41:56'),
(312, 1, '181.199.32.2', 'servicio', 'index', '2018-10-05', '14:41:57'),
(313, 1, '181.199.32.2', 'admin_servicios', 'index', '2018-10-05', '14:42:02'),
(314, 2, '190.63.255.2', 'admin_servicios', 'index', '2018-10-05', '15:03:42'),
(315, 2, '190.63.255.2', 'solicitudes', 'index', '2018-10-05', '15:03:51'),
(316, 2, '190.63.255.2', 'servicio', 'index', '2018-10-05', '15:04:04'),
(317, 2, '190.63.255.2', 'solicitudes', 'index', '2018-10-05', '15:05:23'),
(318, 2, '190.63.255.2', 'admin_servicios', 'index', '2018-10-05', '15:05:33'),
(319, NULL, '190.63.255.2', 'login', 'index', '2018-10-05', '15:08:17'),
(320, NULL, '190.63.255.2', 'login', 'index', '2018-10-05', '15:08:32'),
(321, 2, '190.63.255.2', 'login', 'index', '2018-10-05', '15:08:33'),
(322, 2, '190.63.255.2', 'principal', 'index', '2018-10-05', '15:08:34'),
(323, 2, '190.63.255.2', 'admin_servicios', 'index', '2018-10-05', '15:08:42'),
(324, 2, '190.63.255.2', 'servicio', 'index', '2018-10-05', '15:08:52'),
(325, 2, '190.63.255.2', 'servicio', 'index', '2018-10-05', '15:09:31'),
(326, 2, '190.63.255.2', 'solicitudes', 'index', '2018-10-05', '15:09:36'),
(327, 2, '190.63.255.2', 'admin_servicios', 'index', '2018-10-05', '15:09:42'),
(328, NULL, '181.199.32.2', 'principal', 'index', '2018-10-05', '17:56:47'),
(329, NULL, '181.199.32.2', 'login', 'index', '2018-10-05', '17:56:48'),
(330, NULL, '181.199.32.2', 'login', 'index', '2018-10-05', '17:56:58'),
(331, NULL, '181.199.32.2', 'admin_servicios', 'index', '2018-10-05', '17:57:08'),
(332, NULL, '181.199.32.2', 'login', 'index', '2018-10-05', '17:57:09'),
(333, 2, '181.199.32.2', 'login', 'index', '2018-10-05', '17:57:10'),
(334, 2, '181.199.32.2', 'principal', 'index', '2018-10-05', '17:57:10'),
(335, NULL, '181.199.32.2', 'login', 'index', '2018-10-05', '17:57:30'),
(336, 2, '181.199.32.2', 'login', 'index', '2018-10-05', '17:57:30'),
(337, 2, '181.199.32.2', 'principal', 'index', '2018-10-05', '17:57:31'),
(338, 2, '181.199.32.2', 'servicio', 'index', '2018-10-05', '17:57:35'),
(339, 2, '181.199.32.2', 'admin_servicios', 'index', '2018-10-05', '17:57:41'),
(340, 2, '181.199.32.2', 'admin_servicios', 'index', '2018-10-05', '17:59:09'),
(341, 2, '181.199.32.2', 'admin_servicios', 'index', '2018-10-05', '17:59:13'),
(342, 2, '181.199.32.2', 'admin_servicios', 'index', '2018-10-05', '17:59:49'),
(343, 2, '181.199.32.2', 'servicio', 'index', '2018-10-05', '17:59:57'),
(344, 2, '181.199.32.2', 'servicio', 'index', '2018-10-05', '18:01:00'),
(345, 2, '181.199.32.2', 'servicio', 'index', '2018-10-05', '18:01:03'),
(346, 2, '181.199.32.2', 'admin_servicios', 'index', '2018-10-05', '18:01:06'),
(347, 2, '181.199.32.2', 'servicio', 'index', '2018-10-05', '18:01:18'),
(348, 2, '181.199.32.2', 'servicio', 'registrar_servicio', '2018-10-05', '18:02:23'),
(349, 2, '181.199.32.2', 'servicio', 'index', '2018-10-05', '18:02:24'),
(350, 2, '181.199.32.2', 'servicio', 'index', '2018-10-05', '18:02:27'),
(351, 2, '181.199.32.2', 'admin_servicios', 'index', '2018-10-05', '18:02:31'),
(352, 2, '181.199.32.2', 'admin_servicios', 'index', '2018-10-05', '18:02:41'),
(353, 2, '181.199.32.2', 'admin_servicios', 'buscar_servicio_usuario', '2018-10-05', '18:02:44'),
(354, 2, '181.199.32.2', 'admin_servicios', 'cambiar_estatus_servicio', '2018-10-05', '18:04:19'),
(355, 2, '181.199.32.2', 'admin_servicios', 'index', '2018-10-05', '18:04:19'),
(356, 2, '181.199.32.2', 'admin_servicios', 'index', '2018-10-05', '18:04:26'),
(357, 2, '181.199.32.2', 'admin_servicios', 'index', '2018-10-05', '18:04:53'),
(358, 2, '181.199.32.2', 'admin_servicios', 'buscar_servicio_solucionado', '2018-10-05', '18:05:03'),
(359, 2, '181.199.32.2', 'admin_servicios', 'index', '2018-10-05', '18:05:13'),
(360, 2, '181.199.32.2', 'admin_servicios', 'editar_servicio_s', '2018-10-05', '18:05:21'),
(361, 2, '181.199.32.2', 'admin_servicios', 'modificar_solucion_servicio', '2018-10-05', '18:05:28'),
(362, 2, '181.199.32.2', 'admin_servicios', 'index', '2018-10-05', '18:05:38'),
(363, 2, '181.199.32.2', 'admin_servicios', 'buscar_servicio_solucionado', '2018-10-05', '18:05:41'),
(364, 2, '181.199.32.2', 'admin_servicios', 'index', '2018-10-05', '18:05:47'),
(365, 2, '181.199.32.2', 'login', 'cerrar', '2018-10-05', '18:06:43'),
(366, NULL, '181.199.32.2', 'login', 'index', '2018-10-05', '18:06:44'),
(367, NULL, '181.199.32.2', 'login', 'index', '2018-10-05', '18:06:52'),
(368, 19, '181.199.32.2', 'login', 'index', '2018-10-05', '18:06:53'),
(369, 19, '181.199.32.2', 'principal', 'index', '2018-10-05', '18:06:53'),
(370, 19, '181.199.32.2', 'supervisor', 'index', '2018-10-05', '18:06:58'),
(371, 19, '181.199.32.2', 'pdf', 'reporte_x_empresa', '2018-10-05', '18:07:45'),
(372, NULL, '181.199.32.2', 'principal', 'index', '2018-10-05', '19:56:41'),
(373, NULL, '181.199.32.2', 'login', 'index', '2018-10-05', '19:56:42'),
(374, NULL, '181.199.32.2', 'principal', 'index', '2018-10-05', '19:56:45'),
(375, NULL, '181.199.32.2', 'login', 'index', '2018-10-05', '19:56:47'),
(376, NULL, '181.199.32.2', 'servicio', 'index', '2018-10-06', '09:27:39'),
(377, NULL, '181.199.32.2', 'login', 'index', '2018-10-06', '09:27:39'),
(378, NULL, '186.46.62.21', 'login', 'index', '2018-10-06', '10:05:24'),
(379, NULL, '181.199.32.2', 'principal', 'index', '2018-10-06', '16:02:14'),
(380, NULL, '181.199.32.2', 'login', 'index', '2018-10-06', '16:02:15'),
(381, NULL, '181.199.32.2', 'principal', 'index', '2018-10-06', '16:02:18'),
(382, NULL, '181.199.32.2', 'login', 'index', '2018-10-06', '16:02:18'),
(383, 2, '181.199.32.2', 'servicio', 'index', '2018-10-06', '16:09:50'),
(384, 2, '181.199.32.2', 'servicio', 'registrar_servicio', '2018-10-06', '16:10:59'),
(385, 2, '181.199.32.2', 'servicio', 'index', '2018-10-06', '16:11:01'),
(386, 2, '181.199.32.2', 'admin_servicios', 'index', '2018-10-06', '16:12:56'),
(387, 2, '181.199.32.2', 'admin_servicios', 'buscar_servicio_usuario', '2018-10-06', '16:12:59'),
(388, 2, '181.199.32.2', 'admin_servicios', 'cambiar_estatus_servicio', '2018-10-06', '16:13:25'),
(389, 2, '181.199.32.2', 'admin_servicios', 'index', '2018-10-06', '16:13:26'),
(390, 2, '181.199.32.2', 'admin_servicios', 'buscar_servicio_solucionado', '2018-10-06', '16:13:32'),
(391, NULL, '181.199.32.2', 'login', 'index', '2018-10-08', '13:16:46'),
(392, NULL, '184.154.36.1', 'login', 'index', '2018-10-08', '17:17:12'),
(393, NULL, '181.199.32.2', 'login', 'index', '2018-10-09', '08:50:07'),
(394, NULL, '181.199.32.2', 'login', 'index', '2018-10-09', '08:50:17'),
(395, 2, '181.199.32.2', 'login', 'index', '2018-10-09', '08:50:18'),
(396, 2, '181.199.32.2', 'principal', 'index', '2018-10-09', '08:50:19'),
(397, 2, '181.199.32.2', 'servicio', 'index', '2018-10-09', '08:59:28'),
(398, 2, '181.199.32.2', 'servicio', 'registrar_servicio', '2018-10-09', '09:00:31'),
(399, 2, '181.199.32.2', 'servicio', 'index', '2018-10-09', '09:00:32'),
(400, 2, '181.199.32.2', 'servicio', 'registrar_servicio', '2018-10-09', '09:01:18'),
(401, 2, '181.199.32.2', 'servicio', 'index', '2018-10-09', '09:01:18'),
(402, 2, '181.199.32.2', 'servicio', 'registrar_servicio', '2018-10-09', '09:02:18'),
(403, 2, '181.199.32.2', 'servicio', 'index', '2018-10-09', '09:02:18'),
(404, 2, '181.199.32.2', 'admin_servicios', 'index', '2018-10-09', '09:02:57'),
(405, 2, '181.199.32.2', 'admin_servicios', 'buscar_servicio_solucionado', '2018-10-09', '09:03:05'),
(406, 2, '181.199.32.2', 'admin_servicios', 'buscar_servicio_usuario', '2018-10-09', '09:03:18'),
(407, 2, '181.199.32.2', 'admin_servicios', 'cambiar_estatus_servicio', '2018-10-09', '09:04:34'),
(408, 2, '181.199.32.2', 'admin_servicios', 'index', '2018-10-09', '09:04:35'),
(409, 2, '181.199.32.2', 'admin_servicios', 'buscar_servicio_usuario', '2018-10-09', '09:04:45'),
(410, 2, '181.199.32.2', 'admin_servicios', 'cambiar_estatus_servicio', '2018-10-09', '09:05:54'),
(411, 2, '181.199.32.2', 'admin_servicios', 'index', '2018-10-09', '09:05:55'),
(412, 2, '181.199.32.2', 'admin_servicios', 'buscar_servicio_usuario', '2018-10-09', '09:09:51'),
(413, 2, '181.199.32.2', 'admin_servicios', 'cambiar_estatus_servicio', '2018-10-09', '09:10:47'),
(414, 2, '181.199.32.2', 'admin_servicios', 'index', '2018-10-09', '09:10:48'),
(415, 2, '181.199.32.2', 'admin_servicios', 'buscar_servicios_solucionados', '2018-10-09', '09:11:17'),
(416, 2, '181.199.32.2', 'admin_servicios', 'buscar_servicios_solucionados', '2018-10-09', '09:11:17'),
(417, 2, '181.199.32.2', 'admin_servicios', 'buscar_servicios_solucionados', '2018-10-09', '09:11:17'),
(418, 2, '181.199.32.2', 'admin_servicios', 'buscar_servicios_solucionados', '2018-10-09', '09:11:17'),
(419, 2, '181.199.32.2', 'admin_servicios', 'buscar_servicios_solucionados', '2018-10-09', '09:11:18'),
(420, 2, '181.199.32.2', 'admin_servicios', 'buscar_servicios_solucionados', '2018-10-09', '09:11:18'),
(421, 2, '181.199.32.2', 'admin_servicios', 'buscar_servicios_solucionados', '2018-10-09', '09:11:18'),
(422, 2, '181.199.32.2', 'admin_servicios', 'buscar_servicios_solucionados', '2018-10-09', '09:11:18'),
(423, 2, '181.199.32.2', 'admin_servicios', 'buscar_servicios_solucionados', '2018-10-09', '09:11:18'),
(424, 2, '181.199.32.2', 'admin_servicios', 'editar_servicio_s', '2018-10-09', '09:11:22'),
(425, 2, '181.199.32.2', 'admin_servicios', 'modificar_solucion_servicio', '2018-10-09', '09:11:29'),
(426, 2, '181.199.32.2', 'admin_servicios', 'buscar_servicios_solucionados', '2018-10-09', '09:11:33'),
(427, 2, '181.199.32.2', 'admin_servicios', 'buscar_servicios_solucionados', '2018-10-09', '09:11:33'),
(428, 2, '181.199.32.2', 'admin_servicios', 'index', '2018-10-09', '09:11:44'),
(429, 2, '181.199.32.2', 'admin_servicios', 'buscar_servicio_solucionado', '2018-10-09', '09:11:50'),
(430, 2, '181.199.32.2', 'admin_servicios', 'buscar_servicio_solucionado', '2018-10-09', '09:11:54'),
(431, 2, '181.199.32.2', 'solicitudes', 'index', '2018-10-09', '09:12:01'),
(432, 2, '181.199.32.2', 'servicio', 'index', '2018-10-09', '09:12:05'),
(433, 2, '181.199.32.2', 'servicio', 'registrar_servicio', '2018-10-09', '09:12:36'),
(434, 2, '181.199.32.2', 'servicio', 'index', '2018-10-09', '09:12:36'),
(435, 2, '181.199.32.2', 'admin_servicios', 'index', '2018-10-09', '09:12:42'),
(436, 2, '181.199.32.2', 'admin_servicios', 'buscar_servicio_usuario', '2018-10-09', '09:12:45'),
(437, 2, '181.199.32.2', 'admin_servicios', 'cambiar_estatus_servicio', '2018-10-09', '09:15:42'),
(438, 2, '181.199.32.2', 'admin_servicios', 'index', '2018-10-09', '09:15:43'),
(439, NULL, '186.46.62.21', 'login', 'index', '2018-10-09', '09:47:28'),
(440, NULL, '178.154.244.', 'login', 'index', '2018-10-09', '09:50:23'),
(441, NULL, '138.197.7.52', 'login', 'index', '2018-10-09', '15:40:40'),
(442, NULL, '181.199.32.2', 'principal', 'index', '2018-10-09', '16:33:08'),
(443, NULL, '181.199.32.2', 'login', 'index', '2018-10-09', '16:33:09'),
(444, NULL, '181.199.32.2', 'login', 'index', '2018-10-09', '16:33:18'),
(445, NULL, '181.199.32.2', 'login', 'index', '2018-10-09', '16:33:28'),
(446, 2, '181.199.32.2', 'login', 'index', '2018-10-09', '16:33:29'),
(447, 2, '181.199.32.2', 'principal', 'index', '2018-10-09', '16:33:29'),
(448, 2, '181.199.32.2', 'admin_servicios', 'index', '2018-10-09', '16:33:34'),
(449, 2, '181.199.32.2', 'servicio', 'index', '2018-10-09', '16:33:54'),
(450, 2, '181.199.32.2', 'servicio', 'registrar_servicio', '2018-10-09', '16:34:39'),
(451, 2, '181.199.32.2', 'servicio', 'index', '2018-10-09', '16:34:39'),
(452, 2, '181.199.32.2', 'admin_servicios', 'index', '2018-10-09', '16:34:43'),
(453, 2, '181.199.32.2', 'admin_servicios', 'buscar_servicio_usuario', '2018-10-09', '16:34:50'),
(454, 2, '181.199.32.2', 'login', 'cerrar', '2018-10-09', '16:35:02'),
(455, NULL, '181.199.32.2', 'login', 'index', '2018-10-09', '16:35:02'),
(456, NULL, '181.199.32.2', 'login', 'index', '2018-10-09', '16:35:11'),
(457, 29, '181.199.32.2', 'login', 'index', '2018-10-09', '16:35:11'),
(458, 29, '181.199.32.2', 'principal', 'index', '2018-10-09', '16:35:11'),
(459, 29, '181.199.32.2', 'supervisor', 'index', '2018-10-09', '16:35:39'),
(460, 29, '181.199.32.2', 'pdf', 'reporte_x_empresa', '2018-10-09', '16:35:43'),
(461, 29, '181.199.32.2', 'pdf', 'reporte_x_empresa_s', '2018-10-09', '16:36:01'),
(462, 29, '181.199.32.2', 'principal', 'index', '2018-10-09', '16:38:48'),
(463, 29, '181.199.32.2', 'supervisor', 'index', '2018-10-09', '16:38:56'),
(464, 29, '181.199.32.2', 'admin_servicios', 'buscar_servicio_solucionado', '2018-10-09', '16:39:20'),
(465, 29, '181.199.32.2', 'admin_servicios', 'buscar_servicio_solucionado', '2018-10-09', '16:39:38'),
(466, 29, '181.199.32.2', 'admin_servicios', 'buscar_servicio_solucionado', '2018-10-09', '16:39:42'),
(467, 29, '181.199.32.2', 'admin_servicios', 'buscar_servicio_solucionado', '2018-10-09', '16:39:45'),
(468, 29, '181.199.32.2', 'admin_servicios', 'buscar_servicio_solucionado', '2018-10-09', '16:39:50'),
(469, 29, '181.199.32.2', 'login', 'cerrar', '2018-10-09', '16:39:55'),
(470, NULL, '181.199.32.2', 'login', 'index', '2018-10-09', '16:39:56'),
(471, NULL, '181.199.32.2', 'login', 'index', '2018-10-09', '16:40:02'),
(472, 78, '181.199.32.2', 'login', 'index', '2018-10-09', '16:40:02'),
(473, 78, '181.199.32.2', 'principal', 'index', '2018-10-09', '16:40:03'),
(474, 78, '181.199.32.2', 'supervisor', 'index', '2018-10-09', '16:40:06'),
(475, 78, '181.199.32.2', 'pdf', 'reporte_x_empresa', '2018-10-09', '16:40:09'),
(476, 78, '181.199.32.2', 'pdf', 'reporte_x_empresa_s', '2018-10-09', '16:41:35'),
(477, NULL, '181.199.32.2', 'login', 'index', '2018-10-09', '17:00:28'),
(478, NULL, '181.199.32.2', 'login', 'index', '2018-10-09', '17:00:38'),
(479, 1, '181.199.32.2', 'login', 'index', '2018-10-09', '17:00:39'),
(480, 1, '181.199.32.2', 'principal', 'index', '2018-10-09', '17:00:39'),
(481, 1, '181.199.32.2', 'solicitudes', 'index', '2018-10-09', '17:00:45'),
(482, 1, '181.199.32.2', 'supervisor', 'index', '2018-10-09', '17:00:49'),
(483, 1, '181.199.32.2', 'supervisor', 'index', '2018-10-09', '17:01:22'),
(484, NULL, '181.199.32.2', 'supervisor', 'index', '2018-10-09', '17:03:33'),
(485, NULL, '181.199.32.2', 'login', 'index', '2018-10-09', '17:03:33'),
(486, 1, '181.199.32.2', 'supervisor', 'index', '2018-10-09', '17:04:05'),
(487, 2, '181.199.32.2', 'admin_servicios', 'index', '2018-10-09', '19:19:11'),
(488, 2, '181.199.32.2', 'admin_servicios', 'buscar_servicio_usuario', '2018-10-09', '19:19:14'),
(489, 2, '181.199.32.2', 'admin_servicios', 'cambiar_estatus_servicio', '2018-10-09', '19:23:38'),
(490, 2, '181.199.32.2', 'admin_servicios', 'index', '2018-10-09', '19:23:39'),
(491, 2, '181.199.32.2', 'admin_servicios', 'buscar_servicio_usuario', '2018-10-09', '19:24:59'),
(492, NULL, '181.199.32.2', 'login', 'index', '2018-10-10', '07:41:30'),
(493, NULL, '181.199.32.2', 'login', 'index', '2018-10-10', '07:41:37'),
(494, NULL, '181.199.32.2', 'login', 'index', '2018-10-10', '07:41:47'),
(495, 2, '181.199.32.2', 'login', 'index', '2018-10-10', '07:41:47'),
(496, 2, '181.199.32.2', 'principal', 'index', '2018-10-10', '07:41:47'),
(497, 2, '181.199.32.2', 'servicio', 'index', '2018-10-10', '07:41:56'),
(498, 2, '181.199.32.2', 'servicio', 'registrar_servicio', '2018-10-10', '07:43:42'),
(499, 2, '181.199.32.2', 'servicio', 'index', '2018-10-10', '07:43:45'),
(500, 2, '181.199.32.2', 'admin_servicios', 'index', '2018-10-10', '07:44:09'),
(501, 2, '181.199.32.2', 'admin_servicios', 'buscar_servicio_usuario', '2018-10-10', '07:44:46'),
(502, 2, '181.199.32.2', 'admin_servicios', 'cambiar_estatus_servicio', '2018-10-10', '07:53:32'),
(503, 2, '181.199.32.2', 'admin_servicios', 'index', '2018-10-10', '07:53:32'),
(504, 2, '181.199.32.2', 'admin_servicios', 'buscar_servicio_usuario', '2018-10-10', '07:53:37'),
(505, 2, '181.199.32.2', 'admin_servicios', 'cambiar_estatus_servicio', '2018-10-10', '07:57:17'),
(506, 2, '181.199.32.2', 'admin_servicios', 'index', '2018-10-10', '07:57:18'),
(507, 2, '181.199.32.2', 'admin_servicios', 'eliminar_servicio_pendiente', '2018-10-10', '07:57:24'),
(508, 2, '181.199.32.2', 'admin_servicios', 'index', '2018-10-10', '07:57:27'),
(509, 2, '181.199.32.2', 'supervisor', 'index', '2018-10-10', '07:57:34'),
(510, 2, '181.199.32.2', 'login', 'cerrar', '2018-10-10', '07:57:45'),
(511, NULL, '181.199.32.2', 'login', 'index', '2018-10-10', '07:57:45'),
(512, NULL, '181.199.32.2', 'login', 'index', '2018-10-10', '07:57:54'),
(513, 29, '181.199.32.2', 'login', 'index', '2018-10-10', '07:57:54'),
(514, 29, '181.199.32.2', 'principal', 'index', '2018-10-10', '07:57:55'),
(515, 29, '181.199.32.2', 'supervisor', 'index', '2018-10-10', '07:58:04'),
(516, 29, '181.199.32.2', 'pdf', 'reporte_x_empresa', '2018-10-10', '07:58:25'),
(517, 29, '181.199.32.2', 'pdf', 'reporte_x_empresa_s', '2018-10-10', '07:58:43'),
(518, 29, '181.199.32.2', 'login', 'index', '2018-10-10', '07:59:01'),
(519, 29, '181.199.32.2', 'principal', 'index', '2018-10-10', '07:59:02'),
(520, 29, '181.199.32.2', 'login', 'cerrar', '2018-10-10', '07:59:16'),
(521, NULL, '181.199.32.2', 'login', 'index', '2018-10-10', '07:59:16'),
(522, NULL, '181.199.32.2', 'login', 'index', '2018-10-10', '07:59:24'),
(523, 78, '181.199.32.2', 'login', 'index', '2018-10-10', '07:59:24'),
(524, 78, '181.199.32.2', 'principal', 'index', '2018-10-10', '07:59:24'),
(525, 78, '181.199.32.2', 'supervisor', 'index', '2018-10-10', '07:59:33'),
(526, 78, '181.199.32.2', 'pdf', 'reporte_x_empresa', '2018-10-10', '07:59:49'),
(527, 78, '181.199.32.2', 'pdf', 'reporte_x_empresa_s', '2018-10-10', '08:00:27'),
(528, 78, '181.199.32.2', 'supervisor', 'index', '2018-10-10', '08:00:39'),
(529, 78, '181.199.32.2', 'pdf', 'reporte_x_empresa', '2018-10-10', '08:00:48'),
(530, 78, '181.199.32.2', 'pdf', 'reporte_x_empresa_s', '2018-10-10', '08:00:51'),
(531, 78, '181.199.32.2', 'supervisor', 'index', '2018-10-10', '08:00:54'),
(532, 78, '181.199.32.2', 'login', 'cerrar', '2018-10-10', '08:01:32'),
(533, NULL, '181.199.32.2', 'login', 'index', '2018-10-10', '08:01:32'),
(534, NULL, '181.199.32.2', 'login', 'index', '2018-10-10', '08:01:40'),
(535, 19, '181.199.32.2', 'login', 'index', '2018-10-10', '08:01:41'),
(536, 19, '181.199.32.2', 'principal', 'index', '2018-10-10', '08:01:41'),
(537, 19, '181.199.32.2', 'supervisor', 'index', '2018-10-10', '08:01:46'),
(538, 19, '181.199.32.2', 'pdf', 'reporte_x_empresa', '2018-10-10', '08:01:58'),
(539, 19, '181.199.32.2', 'pdf', 'reporte_x_empresa', '2018-10-10', '08:02:23'),
(540, 19, '181.199.32.2', 'supervisor', 'buscar_x_fecha', '2018-10-10', '08:02:33'),
(541, 19, '181.199.32.2', 'pdf', 'reporte_x_empresa', '2018-10-10', '08:02:38'),
(542, 19, '181.199.32.2', 'supervisor', 'buscar_x_fecha', '2018-10-10', '08:02:51'),
(543, NULL, '181.199.32.2', 'principal', 'index', '2018-10-10', '08:02:52'),
(544, 19, '181.199.32.2', 'supervisor', 'buscar_x_fecha', '2018-10-10', '08:02:52'),
(545, NULL, '181.199.32.2', 'login', 'index', '2018-10-10', '08:02:53'),
(546, 19, '181.199.32.2', 'supervisor', 'buscar_x_fecha', '2018-10-10', '08:02:53'),
(547, 19, '181.199.32.2', 'supervisor', 'index', '2018-10-10', '08:02:55'),
(548, 19, '181.199.32.2', 'supervisor', 'buscar_x_fecha', '2018-10-10', '08:03:03'),
(549, 19, '181.199.32.2', 'supervisor', 'buscar_x_fecha', '2018-10-10', '08:03:05'),
(550, 19, '181.199.32.2', 'supervisor', 'buscar_x_fecha', '2018-10-10', '08:03:06'),
(551, 19, '181.199.32.2', 'supervisor', 'buscar_x_fecha', '2018-10-10', '08:03:06'),
(552, 19, '181.199.32.2', 'supervisor', 'buscar_x_fecha', '2018-10-10', '08:03:06'),
(553, NULL, '186.46.62.21', 'login', 'index', '2018-10-10', '09:42:04');

-- --------------------------------------------------------

--
-- Estructura de tabla para la tabla `menu`
--

CREATE TABLE `menu` (
  `id_menu` int(11) NOT NULL,
  `titulo` varchar(50) NOT NULL,
  `enlace` varchar(50) NOT NULL
) ENGINE=InnoDB DEFAULT CHARSET=latin1;

--
-- Volcado de datos para la tabla `menu`
--

INSERT INTO `menu` (`id_menu`, `titulo`, `enlace`) VALUES
(1, 'Inicio', 'principal'),
(2, 'Pedido/Servicio', 'servicio'),
(3, 'Mis Solicitudes', 'solicitudes'),
(4, 'Supervisor', 'supervisor'),
(5, 'Administrar Servicios', 'admin_servicios'),
(6, 'Administrar Usuarios', 'app');

-- --------------------------------------------------------

--
-- Estructura de tabla para la tabla `permisos`
--

CREATE TABLE `permisos` (
  `id_permisos` int(11) NOT NULL,
  `id_menu` int(11) NOT NULL,
  `id_role` int(11) NOT NULL,
  `permiso` int(1) NOT NULL
) ENGINE=InnoDB DEFAULT CHARSET=latin1;

--
-- Volcado de datos para la tabla `permisos`
--

INSERT INTO `permisos` (`id_permisos`, `id_menu`, `id_role`, `permiso`) VALUES
(54, 1, 1, 1),
(55, 2, 1, 1),
(56, 3, 1, 1),
(57, 4, 1, 1),
(58, 5, 1, 1),
(59, 6, 1, 1),
(60, 1, 3, 1),
(61, 2, 3, 1),
(62, 3, 3, 1),
(63, 1, 4, 1),
(64, 2, 4, 1),
(65, 3, 4, 1),
(66, 4, 4, 1);

-- --------------------------------------------------------

--
-- Estructura de tabla para la tabla `role`
--

CREATE TABLE `role` (
  `id_role` int(11) NOT NULL,
  `nombre_role` varchar(100) NOT NULL,
  `peso` int(11) NOT NULL,
  `otro_campo` varchar(100) NOT NULL
) ENGINE=InnoDB DEFAULT CHARSET=latin1;

--
-- Volcado de datos para la tabla `role`
--

INSERT INTO `role` (`id_role`, `nombre_role`, `peso`, `otro_campo`) VALUES
(1, 'Admin', 1, ''),
(3, 'Usuario', 1, ''),
(4, 'Supervisor', 1, '');

-- --------------------------------------------------------

--
-- Estructura de tabla para la tabla `servicio`
--

CREATE TABLE `servicio` (
  `id_servicio` int(11) NOT NULL,
  `pedido` varchar(1000) COLLATE utf8_bin NOT NULL,
  `software` int(11) NOT NULL,
  `hardware` int(11) NOT NULL,
  `funcionamiento` int(11) NOT NULL,
  `otros` varchar(1000) COLLATE utf8_bin NOT NULL,
  `fecha` varchar(100) COLLATE utf8_bin NOT NULL,
  `hora` varchar(100) COLLATE utf8_bin NOT NULL,
  `id_usuario` int(11) NOT NULL,
  `fecha_atencion` varchar(50) COLLATE utf8_bin DEFAULT 'No se agrego',
  `hora_atencion` varchar(50) COLLATE utf8_bin NOT NULL,
  `estatus` varchar(50) COLLATE utf8_bin NOT NULL DEFAULT 'pendiente',
  `imagen_pedido` varchar(100) COLLATE utf8_bin NOT NULL
) ENGINE=InnoDB DEFAULT CHARSET=utf8 COLLATE=utf8_bin;

--
-- Volcado de datos para la tabla `servicio`
--

INSERT INTO `servicio` (`id_servicio`, `pedido`, `software`, `hardware`, `funcionamiento`, `otros`, `fecha`, `hora`, `id_usuario`, `fecha_atencion`, `hora_atencion`, `estatus`, `imagen_pedido`) VALUES
(7, 'Ayuda para cambio de tinta en equipo Epson Caja', 0, 1, 0, '0', '2018-09-27', '11:41:41', 23, '', '', 'solucionado', ''),
(8, 'Revisión de componentes de sistemas de bodega oficina', 0, 0, 0, '', '2018-09-27', '11:52:20', 3, '', '', 'solucionado', ''),
(9, 'Su ayuda revisando equipo de Medardo Moya se registra lentitud en el sistema ', 1, 0, 0, '0', '2018-09-27', '12:15:12', 3, '', '', 'solucionado', ''),
(10, 'Revisión de computador, se presenta lentitud en el uso del equipo', 0, 0, 1, '0', '2018-09-27', '20:23:08', 26, '', '', 'solucionado', 'problema-Drivers Previo aactualizacion.png'),
(11, 'Soporte para servidor Cliente Originarsa, se requiere la construcción de Raid sobre servidor ', 1, 0, 0, '0', '2018-10-01', '10:22:27', 83, '', '', 'solucionado', ''),
(12, 'Ayuda con revisión de impresora para códigos de barras', 0, 0, 1, '0', '2018-10-01', '16:10:52', 20, '', '', 'solucionado', ''),
(13, 'Prueba de impresión para facturación de Ferreteria Ingelcom, no se visualiza impresión en formato establecido ', 0, 0, 1, '0', '2018-10-01', '16:12:36', 20, '', '', 'solucionado', ''),
(14, 'Por favor realizar revisión de equipo de computo, problemas en conexión a internet, se mantiene intermitencias en el servicio.  ', 0, 0, 0, 'Favor revisar el sistema, el mismo se demora al inicializar y apagar ', '2018-10-01', '16:13:58', 18, '', '', 'solucionado', ''),
(15, 'Por favor su ayuda en la revisión de los correos electronicos y que se cumpla el standar de las claves para el personal ', 0, 0, 0, '0', '2018-10-01', '16:17:14', 3, '', '', 'solucionado', ''),
(16, 'Ayuda con su asistencia para la realización de pruebas de encendido para la parte electrica, la cual se generara con el personal de Proyectos. ', 0, 0, 0, '0', '2018-10-01', '16:19:45', 3, '', '', 'solucionado', ''),
(17, 'Darío\r\n \r\nPor favor se puede cambiar el correo a miferreteria@ingelcom.com.ec Gracias', 0, 0, 0, 'Cambio de nombre de correo electrónico ', '2018-10-01', '16:24:42', 3, '', '', 'solucionado', ''),
(18, 'Hola Dario,\r\n\r\nPor favor tu ayuda con el pdf del excel adjunto.\r\n\r\nGracias,\r\n-- \r\n\r\nMaría Cristina Conde\r\nMARKETING Y DESARROLLO DE NEGOCIOS \r\n\r\n\r\n(593) 979 313 928\r\ncconde@ingelcom.com.ec\r\nwww.ingelcom.com.ec\r\nAv. 6 de Diciembre N47-203 y Samuel Fritz\r\nQuito-Ecuador', 0, 0, 0, '0', '2018-10-01', '16:26:39', 7, '', '', 'solucionado', ''),
(19, 'Hola Dario,\r\n\r\nPor favor tu ayuda con el archivo pdf para la impresión de etiquetas del archivo adjunto.\r\n\r\nSaludos,\r\n\r\nCristina Conde', 0, 0, 0, '0', '2018-10-01', '16:27:06', 7, '', '', 'solucionado', ''),
(20, 'Estimado Ingeniero:\r\n\r\nMe acabo de enterar que han cambiado la máquina dispuesta para el vendedor Retail, sin embargo, como le supe manifestar por teléfono, las configuraciones tanto de impresora, como formatos de impresión se encuentran en el otro equipo.\r\n\r\nPor lo tanto, solicito a usted de acuerdo a lo acordado, me ayude el día lunes en la mañana con estas configuraciones puesto que necesitamos hacer las pruebas para poner en marcha el proyecto.\r\n', 0, 0, 0, '0', '2018-10-01', '16:36:19', 9, '', '', 'solucionado', ''),
(21, 'Por favor su ayuda respaldando y formateando el equipo de Emilio ya que esta por salir de viaje. ', 0, 0, 0, '0', '2018-10-01', '16:37:08', 19, '', '', 'solucionado', ''),
(22, 'Su ayuda cambiando de ubicación la cámara de seguridad que apunta a donde se dispone los mostradores. ', 0, 0, 0, '0', '2018-10-01', '16:38:12', 19, '', '', 'solucionado', ''),
(23, 'Ayuda con la instalación de Adobe Ilustrador y Photoshop en equipo MAC de Daniela Jacome. ', 0, 0, 0, '', '2018-10-01', '17:03:51', 19, '', '', 'solucionado', ''),
(24, 'Favor eliminar redireccionamiento de la cuenta de Karla Villacis ', 0, 0, 0, '', '2018-10-01', '18:00:43', 29, '', '', 'solucionado', ''),
(26, 'Revisión a cuenta de correo al momento se presenta mensajes de bloqueo en cuenta. ', 0, 0, 0, 'Inconvenientes en cuenta de correo ', '2018-10-02', '05:55:10', 56, '', '', 'solucionado', 'problema-Captura de pantalla 2018-10-02 a la(s) 06.40.02.png'),
(35, 'Dari,\r\nPor favor tu ayuda con el ingreso en mi laptop con el nuevo sistema contable, ya que no me deja ingresar de ninguna manera.\r\n \r\nAna Karina Rodriguez\r\nFirma LexvalorResol\r\n \r\n ', 1, 0, 0, '0', '2018-10-02', '10:30:06', 30, '', '', 'solucionado', ''),
(36, 'Ayuda revisando mensaje de error en outlook ', 0, 0, 1, '0', '2018-10-02', '10:44:10', 78, '', '', 'solucionado', ''),
(37, 'Su ayuda para colocar unos respaldos de correo en mi outlook para revisión ', 0, 0, 0, 'Restauración de respaldos', '2018-10-02', '10:50:46', 79, '', '', 'solucionado', ''),
(38, 'Por favor su ayuda actualizando el sistema operativo de mi equipo de trabajo. ', 0, 0, 0, 'Actualización de sistema operativo ', '2018-10-02', '13:04:57', 84, '', '', 'solucionado', ''),
(39, 'Por favor su ayuda revisando la conexión de los aplicativos de banca en el computador, se requiere del Banco del Pichincha, Bolivariano y Pacifico ', 1, 0, 0, '0', '2018-10-02', '17:14:26', 19, '', '', 'solucionado', ''),
(40, 'Ayuda con el cable red de mi computador, al momento se tiene aprobado el cambio del mismo. ', 0, 1, 0, '0', '2018-10-02', '17:16:34', 18, '', '', 'solucionado', ''),
(41, 'Su ayuda para revisar mi equipo, el mismo se apago y no enceciende, se requiere la información del equipo. ', 0, 0, 1, '0', '2018-10-03', '06:51:41', 89, '', '', 'solucionado', ''),
(42, 'Su ayuda con la instalación del Framework 3.5 para el funcionamiento del Time Billing', 0, 0, 0, '0', '2018-10-03', '09:35:30', 59, '', '', 'solucionado', ''),
(43, 'Su ayuda con la revisión de la impresora ya que al momento no permite la impresión. ', 1, 0, 0, '0', '2018-10-03', '11:12:27', 43, '', '', 'solucionado', ''),
(44, 'Su ayuda con la revisión de mi equipo ya que al momento la impresión de documentos imprime en horizontal ', 1, 0, 0, '0', '2018-10-03', '11:15:38', 41, '', '', 'solucionado', ''),
(45, 'Por favor tu ayuda elevando a garantía el equipo de Mayra ya que al momento presente ruido en el ventilador. ', 0, 0, 0, 'Proceso de garantía', '2018-10-03', '16:58:27', 78, '', '', 'solucionado', ''),
(46, 'Ayuda con recuperación de la información de equipo asignado  ', 0, 0, 0, '0', '2018-10-03', '19:39:39', 89, '', '', 'solucionado', ''),
(47, 'Ayuda con cambio de computador temporal hasta envio de equipo a garantía. ', 0, 0, 0, '0', '2018-10-04', '15:52:07', 79, '', '', 'solucionado', ''),
(48, 'Ayuda con respaldo de información del equipo de Mayra León previo al envió a Garantía. ', 0, 0, 0, 'Servicio de garantia. ', '2018-10-04', '15:59:42', 78, '', '', 'solucionado', ''),
(49, 'Ayuda con revisión de mi cuenta de correo, al momento se presentan mensajes de spam sobre la bandeja de entrada. ', 0, 0, 1, '0', '2018-10-04', '16:34:52', 76, '', '', 'solucionado', ''),
(50, 'Por favor  tu ayuda con dos nuevas direcciones de  correo para lextax\r\nFacturacion-lextax@lexvalor.com\r\nContabilidad-lextax@lexvalor.com', 0, 0, 0, 'Creación cuentas de correo ', '2018-10-04', '19:37:31', 78, '', '', 'solucionado', ''),
(51, 'Su ayuda con la obtención de un respaldo del correo electrónico del personal que ha salido de la empresa, por favor iniciar con Cristina Conde, Vicky Parra y Christian. ', 0, 0, 0, 'Solicitud de backup de correo. ', '2018-10-04', '20:18:57', 19, '', '', 'solucionado', ''),
(54, 'Su ayuda reinstalando el sistema FIRE y revisando o actualizando de mi ofice del equipo por favor. ', 0, 0, 0, '0', '2018-10-05', '16:02:23', 9, '', '', 'solucionado', ''),
(55, 'Ayuda ingresando a la lista de contactos las siguientes direcciones por pedido de Karla Villacis. \r\n Johanna.valverde@ec.luxottica.com\r\nMariuxi.palma@ec.luxottica.com\r\nFernando.romero@ec.luxottica.com', 0, 0, 0, 'Email a lista de envios. ', '2018-10-06', '14:10:59', 29, '', '', 'solucionado', ''),
(56, 'Ayuda con la revisión de mi computador, el mismo presenta lentitud en su funcionamiento. ', 1, 0, 0, '0', '2018-10-09', '07:00:31', 47, '', '', 'solucionado', ''),
(57, 'Ayuda con la revisión de mi computador, el mismo presenta lentitud en su funcionamiento, adicional que se presenta inconvenientes seguidos con la tarjeta de red inalámbrica. ', 1, 0, 0, '0', '2018-10-09', '07:01:18', 39, '', '', 'solucionado', ''),
(58, 'Ayuda colocando mensaje de respuesta a mi correo en mi ausencia. \r\nEstaré fuera de oficina del 9 al  23 de octubre inclusive, sin acceso a correo electrónico. Por favor contactarse con el Ab. Juan Francisco Almeida (jalmeida@lexvalor.com) y Ab. Ana San Andrés (asanandres@lexvalor.com) \r\n ', 0, 0, 0, '0', '2018-10-09', '07:02:18', 44, '', '', 'solucionado', ''),
(59, 'Por favor su seguimiento a mi proceso de garantia del equipo. ', 0, 0, 0, 'Proceso de garantia. ', '2018-10-09', '07:12:36', 26, '', '', 'solucionado', ''),
(60, 'Su ayuda con la revisión de un equipo portátil para oficina. ', 0, 0, 0, '0', '2018-10-09', '14:34:39', 19, '', '', 'solucionado', ''),
(61, 'Por favor tu ayuda configurando mi correo para que todos los correos que se reciban se direccionen a Isabel.\r\n \r\nAsimismo, tu ayuda poniendo el mensaje de ausencia desde el 10 de octubre hasta el 25 de octubre inclusive. En caso de urgencias, contactarse con Isabel Samaniego o Margoth Chiriboga.', 0, 0, 0, 'Ayuda con redireccionamiento y mensaje de ausencia. ', '2018-10-10', '05:43:42', 58, '', '', 'solucionado', '');

-- --------------------------------------------------------

--
-- Estructura de tabla para la tabla `solucion_servicio`
--

CREATE TABLE `solucion_servicio` (
  `id_solucion` int(11) NOT NULL,
  `observacion` varchar(1000) COLLATE utf8_bin NOT NULL,
  `fecha_solucion` varchar(200) COLLATE utf8_bin NOT NULL,
  `hora_solucion` varchar(200) COLLATE utf8_bin NOT NULL,
  `id_servicio` int(11) NOT NULL,
  `imagen_solucion` varchar(200) COLLATE utf8_bin NOT NULL,
  `fecha_inicio` varchar(200) COLLATE utf8_bin NOT NULL,
  `hora_inicio` varchar(200) COLLATE utf8_bin NOT NULL,
  `id_usuario_sol` int(11) NOT NULL
) ENGINE=InnoDB DEFAULT CHARSET=utf8 COLLATE=utf8_bin;

--
-- Volcado de datos para la tabla `solucion_servicio`
--

INSERT INTO `solucion_servicio` (`id_solucion`, `observacion`, `fecha_solucion`, `hora_solucion`, `id_servicio`, `imagen_solucion`, `fecha_inicio`, `hora_inicio`, `id_usuario_sol`) VALUES
(8, 'Se verifica que el equipo estaba cerrada la llave de paso de tinta, se procede a realizar limpieza de cabezales en el equipo y pruebas de funcionamiento ', '2018-09-27', '12:49', 7, '', '2018-09-27', '12:20', 1),
(9, 'Se verifica lo solicitado e indica lo que se debería desechar ', '2018-09-27', '13:19', 8, 'solucion-image.jpg', '2018-09-27', '12:55', 1),
(10, 'Se procede con la deshabilitacion de actualizaciones, bloqueo de aplicaciones en la inicializacion del sistema, adicional se indica al usuario que el equipo se encuentra trabajando a la capacidad máxima del equipo ', '2018-09-27', '13:40', 9, 'solucion-image.jpg', '2018-09-27', '13:18', 1),
(11, 'Se procede con la revisión del equipo, se verifica que existen dirvers por actualizar en el equipo, se actualiza driver del BIOS del equipo, al momento se verifica la actualización de todos los drivers ', '2018-09-27', '21:26', 10, 'solucion-Drivers Solucionados.png', '2018-09-27', '18:00', 1),
(13, 'Se realiza la eliminación del RAID 1, a fin de crear dos volumenes de unidad bajo modalidad RAID 1, sobre el volumen 1 se establece el disco 1 y 2 para el mismo, el citado contendra el Sistema Operativo del equipo, para el volumen 2 se establece el disco 3 y 4, el mismo se indica que será utilizado para Backup', '2018-10-01', '13:26', 11, 'solucion-Originarsa.jpg', '2018-10-01', '10:00', 2),
(14, 'Se realiza la migración de las configuraciones establecidas en el equipo original de Ferreteria para la impresión rápida en impresora termica. ', '2018-10-01', '10:50', 20, '', '2018-09-03', '08:30', 2),
(15, 'Se procede con la eliminación del re direccionamiento de la cuenta del usuario solicitado, se mantiene mensaje de ausencia hasta el 3 de octubre. ', '2018-10-01', '19:10', 24, '', '2018-10-01', '19:00', 2),
(16, 'Se procede con la eliminación del re direccionamiento de la cuenta del usuario solicitado, se mantiene mensaje de ausencia hasta el 3 de octubre. ', '2018-10-01', '19:10', 24, '', '2018-10-01', '19:00', 2),
(17, 'Se procede con la instalación de los aplicativos solicitados, los mismos se realizan en oficina de Cotedem. ', '2018-10-01', '11:00', 23, '', '2018-09-22', '10:00', 2),
(18, 'Se procede con el cambio de ubicación de la cámara solicitada, se ejecuta pruebas de visualización por parte de RRHH.\r\nSe incrementa cableado UTP para la conexión en un segmento de 10 metros, el cliente proporciona caja sobre puesta para el cableado. ', '2018-10-01', '10:45', 22, '', '2018-09-19', '08:30', 2),
(19, 'Se procede con el respaldo de la información, se entrega la información en un disco externo, se procede con el formateo y reinstalación del sistema operativo y aplicativos de ofimatica, se instala licencia de antivirus eset internet security. ', '2018-10-01', '14:00', 21, '', '2018-09-12', '08:00', 2),
(20, 'Se procede con el cambio del correo solicitado. ', '2018-09-10', '15:33', 17, '', '2018-09-10', '15:15', 2),
(21, 'Se procede con la revisión del cableado del equipo, el mismo presenta intermitencias, se recomienda el cableado de dicha sección, se revisa adicional el computador del usuario, realizando pruebas de encendido y apagado, los cuales pasan o funcionan dentro de los parámetros normales, las inconsistencias o demoras podrian deberse a instalaciones de actualizaciones. \r\nSe procederá con el cambio del cableado posterior a la autorización de Gerencia.', '2018-10-01', '11:00', 14, '', '2018-09-26', '08:30', 2),
(22, 'Se procede con la revisión de los mismos, se elimina cuentas pendientes del personal que ya no pertenece a la empresa, se genera un nuevo archivo de correos vigentes y sus contraseñas.', '2018-10-01', '09:45', 15, '', '2018-09-10', '08:00', 2),
(23, 'Se procede al apagado de los equipos previo a la ejecución de las pruebas de conexión de la interfaz electrica de respaldo o contingencia, de las pruebas realizadas se verifica que existe puntos electricos de conexión que estan emitiendo 220 voltios, por lo que se realizara una nueva prueba de encendido posterior a la revisión técnica de los puntos eléctricos. ', '2018-09-01', '13:50', 16, '', '2018-09-01', '11:45', 2),
(24, 'Se procede a la explicación del formato generado para la emisión de etiquetas de códigos de barras, se procede a pruebas de impresión en el equipo de Ferreteria, en el cual se denota que no genera una impresión idonea, se recomienda la impresión en el equipo de bodega. ', '2018-10-01', '10:30', 12, '', '2018-09-13', '08:30', 2),
(25, 'Se ejecuta pruebas de impresión del formato establecido, de las pruebas realizadas se verifica que la impresion es idonea en función al formato pre establecido. ', '2018-10-01', '10:48', 13, '', '2018-09-13', '10:35', 2),
(26, 'Se genera etiquetas con códigos de barras para Ferreteria, se utiliza aplicación propietaria de Cotedem. Se entrega códigos generados en formato PDF para que puedan imprimir en equipo de Bodega. ', '2018-09-04', '15:45', 19, '', '2018-09-04', '15:00', 2),
(27, 'Se genera etiquetas con códigos de barras para Ferreteria, se utiliza aplicación propietaria de Cotedem. Se entrega códigos generados en formato PDF para que puedan imprimir en equipo de Bodega. ', '2018-09-12', '12:30', 18, '', '2018-09-12', '11:45', 2),
(29, 'Se procede con el cambio de contraseña por seguridad, y a la deshabilitación de la cuenta para forzar la desconexión de la cuenta de cualquier equipo a nivel mundial. Con los cambios realizados se verifica que los mensajes de envió fallido continua. \nSe escala inconveniente con soporte de Microsoft, en la revisión a la cuenta se verifica que la cuenta de Mchiriboga@lexvalor.com, no presenta conexiones anormales en la cuenta. \nSe verifica si sobre la cuenta se mantiene cuentas asociadas y se establece que la cuenta de Daniel Lopez posee un reenvió a la cuenta, se verifica que la cuenta esta siendo atacada por varios servidores desde Korea y diferentes países, se procede con el bloqueo de la cuenta y cambio de contraseña, adicional se elimina el redireccionamiento para verificación y bloqueo del envió de correo. ', '2018-10-02', '08:40', 26, 'solucion-Captura de pantalla 2018-10-02 a la(s) 08.37.31.png', '2018-10-02', '06:30', 2),
(30, 'Se procede con la carga del respaldo al equipo en Outlook. ', '2018-10-02', '11:59', 37, 'solucion-Respaldo restaurado.png', '2018-10-02', '11:40', 2),
(31, 'Se verifica conexión y elimina restricción para conexión a servidor ', '2018-10-02', '12:29', 35, 'solucion-image.jpg', '2018-10-02', '12:12', 2),
(32, 'Se procede con la actualización de sistema a la versión Capitan 10.11.6, equipo vuelve a inicializar con la información original y aplicativos correspondientes. \nSe procede con la instalación de Desktop Remote App y One Drive por pedido del usuario. ', '2018-10-02', '02:25', 38, 'solucion-Captura de pantalla 2018-10-02 a las 2.15.05 p.m..png', '2018-10-02', '01:15', 2),
(33, 'Se procede con la revisión y determina que el error hace referencia a un archivo temporal creado automaticamente en el proceso de migración del equipo. Se corrije error y vuelve a iniciar el programa Outlook el cual no presenta inconvenientes. ', '2018-10-02', '14:48', 36, 'solucion-Outlook.png', '2018-10-02', '14:35', 2),
(34, 'Se procede con el cambio de cableado UTP para el punto de red del equipo, se realiza el cambio y establece pruebas de conexión las cuales resultan exitosas. ', '2018-10-02', '15:20', 40, '', '2018-10-02', '13:30', 2),
(35, 'Se establece los portales de los bancos solicitados como portales seguros y se establece la vista de compatibilidad para todos los portales. Se establece como portales de inicio a los bancos establecidos. ', '2018-10-02', '17:00', 39, '', '2018-10-02', '16:13', 2),
(36, 'Se procede con un flash reset del Bios a fin de reiniciar el equipo, se reinicia el sistema operativo y se procede con la actualización del sistema y componentes de software indicados en el proceso de actualización, equipo posterior a la actualización inicia el sistema operativo pero se presenta calentamiento en la parte posterior superior, adicional solicita proceso de actualización. \n\nSe recomienda mantener el equipo en observación por un período de unas 8 horas de funcionamiento.   ', '2018-10-03', '09:30', 41, 'solucion-Captura de pantalla 2018-10-03 a las 8.31.31 a.m..png', '2018-10-03', '07:00', 2),
(37, 'Se procede con un flash reset del Bios a fin de reiniciar el equipo, se reinicia el sistema operativo y se procede con la actualización del sistema y componentes de software indicados en el proceso de actualización, equipo posterior a la actualización inicia con normalidad y funciona en forma idonea.  ', '2018-10-03', '09:30', 41, 'solucion-Captura de pantalla 2018-10-03 a las 8.31.31 a.m..png', '2018-10-03', '07:00', 2),
(38, 'Se procede con la actualización del instalador sobre el equipo actual instalado, ya que anterior se encontraba otro equipo en préstamo, se ejecuta pruebas de impresión las cuales resultan exitosas. ', '2018-10-03', '11:55', 43, '', '2018-10-03', '11:45', 2),
(39, 'Se procede con la revisión del equipo y se verifica y actualiza las configuraciones en el driver de la impresora, se ejecutas pruebas de impresion las cuales resultan exitosas. ', '2018-10-03', '11:30', 44, '', '2018-10-03', '11:10', 2),
(40, 'Se ejecuta la instalación del complemento Framework 3.5 y también de la aplicación de Time Billing en todos los usuarios que realizan sus actividades de LEXVALOR - FIDEVAL.\r\nSe valida link para funcionamiento del aplicativo con el soporte de la herramienta (http://lexvalor.thetimebilling.com/time_tracking).', '2018-10-03', '14:00', 42, '', '2018-10-03', '10:00', 2),
(41, 'Se procede con la llamada al call center de HP (1800225528/8007112884) para la apertura del caso, se realiza el registro del equipo modelo IGR50LAFABM serie 8CG80101QY en la misma bajo asistencia remota se procede con la actualización del BIOS y pruebas de encendido, asi como pruebas de funcionamiento a nivel de BIOS, en las cuales persiste el ruido en el equipo, por lo que el equipo de HP procede abrir el caso para un centro de servicio bajo orden BNBG7951-01. \r\n\r\nSe indica que en el centro de servicio local procederá dentro de las 24 a 72 horas a comunicarse para indicar donde se debe entregar el equipo para la revisión, se recomienda el respaldo de la información debido a que el centro de servicio puede proceder con el formateo del equipo.  ', '2018-10-03', '18:05', 45, '', '2018-10-03', '16:45', 2),
(42, 'Se procede con la recuperación de la información del usuario sobre el equipo original, el respaldo de la información se procede a respaldar en el one drive del usuario a fin de que pueda utilizar inmediatamente. \r\n\r\nAl equipo se lo mantuvo bajo observación por un periodo de 8 horas de funcionamiento, sobre el mismo se presenta calentamiento en la parte posterior superior el cual se debe a posibles fallas y recalentamiento en su disco duro, se recomienda el cambio del disco para un normal funcionamiento. \r\nAdicional sobre el equipo se procede a ejecutar una actualización recomenda para el equipo la cual posterior a la descarga no se ejecuta correctamente sin finalizar la misma y generando un mayor calentamiento sobre el disco, por lo que se restaura a una etapa de funcionamiento previa a la actualización. ', '2018-10-03', '18:00', 46, 'solucion-428Captura de pantalla 2018-10-03 a la(s) 20.24.25.png', '2018-10-03', '16:00', 2),
(43, 'Se procede con la implementación de un computador temporal, hasta el envio y revisión del equipo a garantía, se verifica el acceso al Office en la nube para uso del correo y acceso a One Drive del usuario, se realiza una prueba de impresión para verificar que la misma este operativa. ', '2018-10-04', '13:35', 47, '', '2018-10-04', '13:00', 2),
(44, 'Se procede con el respaldo de la información previo a la entrega del equipo en garantía, se enviá el equipo a garantía y se genera la orden BNBG795101, se indica por parte del receptor del equipo que posiblemente el mismo sea formateado.', '2018-10-04', '17:00', 48, 'solucion-761Epson_10042018150922.jpg', '2018-10-04', '15:30', 2),
(45, 'Se procede a realizar un cambio de contraseña, se verifica mediante la consola de administración y auditoria las direcciones IP de donde se están brindando estos ataques, los cuales recaen en países como Japon, Rusia, entre otros, adicional a las 14:10 se procede a un cierre forzado de conexión sobre la cuenta a fin eliminar cualquier ingreso no autorizado sobre la cuenta, se verifica el funcionamiento de las reglas para bloquedo de mensajes no autorizados y posibles ataques de fishing sobre cuenta y servicio. \r\nSe procederá con un monitoreo por 24 horas para la verificación de posibles nuevos ataques que se puedan dar a la cuenta. ', '2018-10-04', '15:13', 49, 'solucion-232Captura de pantalla 2018-10-04 a la(s) 14.53.23.png', '2018-10-04', '13:50', 2),
(46, 'Confirmado la creación y asignación de  las licencias a las cuentas solicitadas, al momento las claves en las dos cuentas es Lextax@2018, las cuentas fueron creadas de la siguiente manera:\r\n\r\nfacturacion_lextax@lexvalor.com\r\ncontabilidad_lextax@lexvalor.com \r\n\r\nAl momento ya están activas las cuentas para su uso.', '2018-10-04', '20:40', 50, '', '2018-10-04', '20:20', 2),
(47, 'Se procede con la instalación del sistema FIRE y se ejecuta una nueva instalación del sistema microsoft office. ', '2018-10-05', '12:00', 54, '', '2018-10-05', '11:15', 2),
(48, 'Se procede con el ingreso de los correos solicitados a la lista de los infos corporativos. ', '2018-10-06', '15:20', 55, '', '2018-10-06', '15:00', 2),
(49, 'Se procede con un reseteo del equipo eliminando instalaciones de programas que ocasión lentitud en el sistema, se restaura la información del usuario y aplicaciones generales. ', '2018-10-09', '10:00', 56, '', '2018-10-06', '08:00', 2),
(50, 'Se procede con un reseteo del equipo, se reinstala controladores de drivers del equipo y se restaura la información del usuario y aplicaciones generales. ', '2018-10-09', '12:00', 57, '', '2018-10-06', '10:00', 2),
(51, 'Se procede con la configuración del mensaje de respuesta de ausencia segun lo solicitado. ', '2018-10-09', '17:10', 58, '', '2018-10-08', '17:00', 2),
(52, 'Se ejecuta proceso de reseteo de fábrica con eliminación completa de información en función a recomendación establecida por el soporte técnico, se restaura aplicaciones e información del usuario para la ejecución de pruebas de funcionamiento por parte del usuario. \r\nSe establecio pruebas de funcionamiento por un período continuo de uso de 4 horas. \r\nPendiente instalación de impresoras las cuales se ejecutara al día 9 de octubre en oficina. ', '2018-10-09', '18:00', 59, '', '2018-10-08', '14:00', 2),
(53, 'Se procede con la revisión del equipo se verifica que el mismo no posee disco duro y se informa al usuario inmediatamente, adcional se verifica que el equipo posee un gole en una de las esquinas de la pantalla con ruptura en el cover, se valida con un disco duro pero el equipo no inicializa, no brinda video tanto en la pantalla propia del equipo como en una pantalla externa conectada, se valida el mainboard y verifica que el mismo posee un corto circuito por lo que se recomienda el cambio del equipo. ', '2018-10-09', '18:11', 60, '', '2018-10-09', '16:00', 2),
(54, 'Se procede con el redireccionamiento de la cuenta y la activación del mensaje de respuesta. ', '2018-10-10', '15:12', 61, '', '2018-10-09', '15:00', 2),
(55, 'Se procede con la configuración de las cuentas solicitadas sobre un equipo mediante outlook, se procede con la descarga de los mensajes sobre el equipo y a sacar un respaldos en archivos PST de las cuentas, sobre un disco externo.', '2018-10-10', '17:00', 51, '', '2018-10-09', '13:00', 2);

-- --------------------------------------------------------

--
-- Estructura de tabla para la tabla `switch`
--

CREATE TABLE `switch` (
  `id` int(11) NOT NULL,
  `accion` int(11) NOT NULL,
  `fecha` date NOT NULL
) ENGINE=InnoDB DEFAULT CHARSET=latin1;

-- --------------------------------------------------------

--
-- Estructura de tabla para la tabla `usuario`
--

CREATE TABLE `usuario` (
  `id_usuario` int(11) NOT NULL,
  `login` varchar(20) COLLATE utf8_spanish_ci NOT NULL,
  `password` varchar(100) COLLATE utf8_spanish_ci NOT NULL,
  `cedula` int(11) NOT NULL,
  `nombre` varchar(100) COLLATE utf8_spanish_ci NOT NULL,
  `apellido` varchar(100) COLLATE utf8_spanish_ci NOT NULL,
  `correo` varchar(100) COLLATE utf8_spanish_ci NOT NULL,
  `empresa` varchar(100) COLLATE utf8_spanish_ci NOT NULL,
  `departamento` varchar(100) COLLATE utf8_spanish_ci NOT NULL,
  `estado` int(11) NOT NULL DEFAULT '1',
  `id_role` int(11) NOT NULL
) ENGINE=InnoDB DEFAULT CHARSET=utf8 COLLATE=utf8_spanish_ci;

--
-- Volcado de datos para la tabla `usuario`
--

INSERT INTO `usuario` (`id_usuario`, `login`, `password`, `cedula`, `nombre`, `apellido`, `correo`, `empresa`, `departamento`, `estado`, `id_role`) VALUES
(1, 'admin', 'f90c7d2067835d806450d86b71cc9ae7b2473714', 0, 'Soporte', 'Cotedem Cia. Ltda.  ', 'soporte@cotedem.com', 'COTEDEM', 'Root', 1, 1),
(2, 'durvina', 'c4593f9dacef1782789f364356bce40cd2bd7b82', 1802832608, 'Dario ', 'Urvina', 'durvina@cotedem.com', 'COTEDEM', 'Root', 1, 1),
(3, 'agonzalez', 'c0fde5f0f153a4dbe405e2ee0b5259632de16f9b', 1718479890, 'Ana Lucia', 'Gonzalez Alulema', 'rrhh@ingelcom.com.ec', 'INGELCOM', 'RECURSOS HUMANOS', 1, 4),
(4, 'aricaurte', 'c0fde5f0f153a4dbe405e2ee0b5259632de16f9b', 1715868699, 'Araceli', 'Ricaurte Toledo', 'aricaurte@ingelcom.com.ec', 'INGELCOM', '', 1, 3),
(5, 'aolmos', 'c0fde5f0f153a4dbe405e2ee0b5259632de16f9b', 503255366, 'Andrés', 'Olmos', 'tecsupervisor@ingelcom.com.ec', 'INGELCOM', 'SUPERVISOR', 1, 3),
(6, 'cvaldivieso', 'c0fde5f0f153a4dbe405e2ee0b5259632de16f9b', 1712928884, 'Christian Andres ', 'Valdivieso Pabon', 'ventas1@ingelcom.com.ec', 'INGELCOM', 'VENTAS', 1, 3),
(7, 'cconde', 'c0fde5f0f153a4dbe405e2ee0b5259632de16f9b', 1709086472, 'Cristina', 'Conde', 'cconde@ingelcom.com.ec', 'INGELCOM', '', 1, 3),
(8, 'singelcom', 'c0fde5f0f153a4dbe405e2ee0b5259632de16f9b', 1802832608, 'Sistemas', 'Ingelcom', 'sistemas@ingelcom.com.ec', 'INGELCOM', 'SISTEMAS', 1, 4),
(9, 'lmuñoz', 'c0fde5f0f153a4dbe405e2ee0b5259632de16f9b', 1723118178, 'Leonardo', 'Muñoz Pozo ', 'financiero@ingelcom.com.ec', 'INGELCOM', 'CONTABILIDAD', 1, 3),
(10, 'dsanguña', 'c0fde5f0f153a4dbe405e2ee0b5259632de16f9b', 1715904320, 'David ', 'Sanguña', 'asistentecompras@ingelcom.com.ec', 'INGELCOM', 'COMPRAS', 1, 3),
(11, 'dgaliano', 'c0fde5f0f153a4dbe405e2ee0b5259632de16f9b', 1002835815, 'Diego Armando', 'Galiano Yepez', 'dgaliano@ingelcom.com.ec', 'INGELCOM', 'Proyectos', 1, 3),
(12, 'emoya', 'c0fde5f0f153a4dbe405e2ee0b5259632de16f9b', 1803394814, 'Edgar Medardo ', 'Moya Guachi', 'ventas2@ingelcom.com.ec', 'INGELCOM', 'VENTAS', 1, 3),
(13, 'garmijo', 'c0fde5f0f153a4dbe405e2ee0b5259632de16f9b', 1713569737, 'Gonzalo Armando ', 'Armijo Changoluisa', 'garmijo@ingelcom.com.ec', 'INGELCOM', 'Proyectos', 1, 3),
(14, 'hgonzalez', 'c0fde5f0f153a4dbe405e2ee0b5259632de16f9b', 1719856377, 'Hétor', 'Gonzalez Gomez', 'hgonzalez@ingelcom.com.ec', 'INGELCOM', '', 1, 3),
(15, 'hmoran', 'c0fde5f0f153a4dbe405e2ee0b5259632de16f9b', 1723403703, 'Henry', 'Moran', 'ecommerce@ingelcom.com.ec', 'INGELCOM', 'Marketing', 1, 3),
(16, 'jconstante', 'c0fde5f0f153a4dbe405e2ee0b5259632de16f9b', 1708014764, 'Jaime ', 'Constante Herrera', 'jconstante@ingelcom.com.ec', 'INGELCOM', 'GERENCIA', 1, 4),
(17, 'jquishpe', 'c0fde5f0f153a4dbe405e2ee0b5259632de16f9b', 1724420698, 'Johana', 'Quisphe Songor', 'contabilidad@ingelcom.com.ec', 'INGELCOM', 'CONTABILIDAD', 1, 3),
(18, 'jjiron', 'c0fde5f0f153a4dbe405e2ee0b5259632de16f9b', 1714435334, 'Jorge Eduardo', 'Jiron Proaño', 'jjiron@ingelcom.com.ec', 'INGELCOM', 'Ventas', 1, 3),
(19, 'mnolivos', 'c0fde5f0f153a4dbe405e2ee0b5259632de16f9b', 1710563683, 'Margarita', 'Nolivos Suquillo', 'margaritanolivos@ingelcom.com.ec', 'INGELCOM', 'GERENCIA', 1, 4),
(20, 'malmachi', 'c0fde5f0f153a4dbe405e2ee0b5259632de16f9b', 1, 'Marlene', 'Almachi', 'miferreteria@ingelcom.com.ec', 'INGELCOM', 'VENTAS', 1, 3),
(21, 'mcaiza', 'c0fde5f0f153a4dbe405e2ee0b5259632de16f9b', 1719371997, 'Mayra', 'Caiza', 'asisconta@ingelcom.com.ec', 'INGELCOM', 'CONTABILIDAD', 1, 3),
(22, 'rzambrano', 'c0fde5f0f153a4dbe405e2ee0b5259632de16f9b', 1721549010, 'Ruben ', 'Zambrano', 'ventas3@ingelcom.com.ec', 'INGELCOM', 'VENTAS', 1, 3),
(23, 'squimbiurco', 'c0fde5f0f153a4dbe405e2ee0b5259632de16f9b', 1714628268, 'Sylvia', 'Quimbiurco', 'cobranzas@ingelcom.com.ec', 'INGELCOM', 'COBRANZAS', 1, 3),
(24, 'vjacome', 'c0fde5f0f153a4dbe405e2ee0b5259632de16f9b', 0, 'Victor ', 'Jacome', 'vjacome@ingelcom.com.ec', 'INGELCOM', '', 1, 4),
(25, 'vzambrano', 'c0fde5f0f153a4dbe405e2ee0b5259632de16f9b', 1308878188, 'Valeria ', 'Zambrano', 'compras@ingelcom.com.ec', 'INGELCOM', 'COMPRAS', 1, 3),
(26, 'despinosa', 'c0fde5f0f153a4dbe405e2ee0b5259632de16f9b', 0, 'Danny', 'Espinosa', 'despinosa@lexvalor.com', 'LEXTAX', 'Juridico', 1, 3),
(27, 'aparedes', 'c0fde5f0f153a4dbe405e2ee0b5259632de16f9b', 1715065403, 'Adriana Karina', 'Paredes Arcos', 'aparedes@lexvalor.com', 'LEXVALOR', '', 1, 3),
(28, 'anieto', 'c0fde5f0f153a4dbe405e2ee0b5259632de16f9b', 1712536810, 'Ana Belen', 'Nieto', 'anieto@lexvalor.com', 'LEXVALOR', '', 1, 3),
(29, 'achiriboga', 'c0fde5f0f153a4dbe405e2ee0b5259632de16f9b', 1706926746, 'Ana', 'Chiriboga Lopez', 'achiriboga@lexvalor.com', 'LEXVALOR', 'GERENCIA', 1, 4),
(30, 'arodriguez', 'c0fde5f0f153a4dbe405e2ee0b5259632de16f9b', 108374111, 'Ana Karina', 'Rodriguez Corona', 'arodriguez@lexvalor.com', 'LEXVALOR', '', 1, 3),
(31, 'asanandres', 'c0fde5f0f153a4dbe405e2ee0b5259632de16f9b', 1717467896, 'Ana Maria', 'San Andres', 'asanandres@lexvalor.com', 'LEXVALOR', '', 1, 3),
(32, 'ccarrion', 'c0fde5f0f153a4dbe405e2ee0b5259632de16f9b', 1001501657, 'Carlos', 'Carrion', 'ccarrion@lexvalor.com', 'LEXVALOR', '', 1, 3),
(33, 'cecheverria', 'c0fde5f0f153a4dbe405e2ee0b5259632de16f9b', 1714836077, 'Carolina', 'Echeverria Del Castillo', 'cecheverria@lexvalor.com', 'LEXVALOR', '', 1, 3),
(34, 'calvarez', 'c0fde5f0f153a4dbe405e2ee0b5259632de16f9b', 1720442605, 'Cristian Andres', 'Alvarez Freire', 'calvarez@lexvalor.com', 'LEXVALOR', '', 1, 3),
(35, 'dmorejon', 'c0fde5f0f153a4dbe405e2ee0b5259632de16f9b', 1721392924, 'Damian Alejandro', 'Morejon Guerrero', 'dmorejon@lexvalor.com', 'LEXVALOR', '', 1, 3),
(36, 'dguevara', 'c0fde5f0f153a4dbe405e2ee0b5259632de16f9b', 1718750068, 'Daniel', 'Guevara De Los Reyes', 'dguevara@lexvalor.com', 'LEXVALOR', '', 1, 3),
(37, 'dirigoyen', 'c0fde5f0f153a4dbe405e2ee0b5259632de16f9b', 1715540439, 'Daniela Lucia', 'Irigoyen Samaniego', 'dirigoyen@lexvalor.com', 'LEXVALOR', '', 1, 3),
(38, 'fmanosalvas', 'c0fde5f0f153a4dbe405e2ee0b5259632de16f9b', 1707817647, 'Fausto Fabian', 'Manosalvas Angamarca', 'fmanosalvas@lexvalor.com', 'LEXVALOR', 'CONTABILIDAD', 1, 3),
(39, 'gcarrasco', 'c0fde5f0f153a4dbe405e2ee0b5259632de16f9b', 104433776, 'Gabriela', 'Carrasco Puyol', 'gcarrasco@lexvalor.com', 'LEXVALOR', '', 1, 3),
(40, 'gbermudez', 'c0fde5f0f153a4dbe405e2ee0b5259632de16f9b', 1713584702, 'Geovanny', 'Bermudez Vega', 'gbermudez@lexvalor.com', 'LEXVALOR', '', 1, 3),
(41, 'gerazo', 'c0fde5f0f153a4dbe405e2ee0b5259632de16f9b', 1707503478, 'Giovanni Segundo', 'Erazo Zambrano', 'gerazo@lexvalor.com', 'LEXVALOR', '', 1, 3),
(42, 'iperez', 'c0fde5f0f153a4dbe405e2ee0b5259632de16f9b', 1750424549, 'Inti Medardo', 'Perez Guaman', 'iperez@lexvalor.com', 'LEXVALOR', '', 1, 3),
(43, 'isamaniego', 'c0fde5f0f153a4dbe405e2ee0b5259632de16f9b', 1714195565, 'Isabel', 'Samaniego', 'isamaniego @lexvalor.com', 'LEXVALOR', '', 1, 3),
(44, 'iplascencia', 'c0fde5f0f153a4dbe405e2ee0b5259632de16f9b', 176729460, 'Ivan Leandro', 'Plascencia Morales', 'iplascencia@lexvalor.com', 'LEXVALOR', '', 1, 3),
(45, 'jmontero', 'c0fde5f0f153a4dbe405e2ee0b5259632de16f9b', 1718318072, 'Jeniffer', 'Montero Quintanilla', 'jmontero@lexvalor.com', 'LEXVALOR', '', 1, 3),
(46, 'jantamba', 'c0fde5f0f153a4dbe405e2ee0b5259632de16f9b', 1709423501, 'Jenny Alexandra', 'Antamba Gomez', 'jantamba@lexvalor.com', 'LEXVALOR', '', 1, 3),
(47, 'jaltamirano', 'c0fde5f0f153a4dbe405e2ee0b5259632de16f9b', 1725487217, 'Jessica Alejandra', 'Altamirano', 'jaltamirano @lexvalor.com', 'LEXVALOR', '', 1, 3),
(48, 'jcornejo', 'c0fde5f0f153a4dbe405e2ee0b5259632de16f9b', 1718905605, 'Jose Gabriel', 'Cornejo', 'jcornejo@lexvalor.com', 'LEXVALOR', '', 1, 3),
(49, 'jportilla', 'c0fde5f0f153a4dbe405e2ee0b5259632de16f9b', 1717341976, 'Jose Luis', 'Portilla', 'jportilla@lexvalor.com', 'LEXVALOR', '', 1, 3),
(50, 'jendara', 'c0fde5f0f153a4dbe405e2ee0b5259632de16f9b', 1003473988, 'Jose Xavier', 'Endara Madera', 'jendara@lexvalor.com', 'LEXVALOR', '', 1, 3),
(51, 'jalmeida', 'c0fde5f0f153a4dbe405e2ee0b5259632de16f9b', 1714766951, 'Juan Francisco', 'Almeida Granja', 'jalmeida@lexvalor.com', 'LEXVALOR', '', 1, 3),
(52, 'kvillacis', 'c0fde5f0f153a4dbe405e2ee0b5259632de16f9b', 1707896724, 'Karla Alejandra', 'Villacis Echeverria', 'kvillacis@lexvalor.com', 'LEXVALOR', '', 1, 3),
(53, 'kvinueza', 'c0fde5f0f153a4dbe405e2ee0b5259632de16f9b', 1723545057, 'Kevin Alexander', 'Vinueza Ayala', 'kvinueza@lexvalor.com', 'LEXVALOR', '', 1, 3),
(54, 'lrueda', 'c0fde5f0f153a4dbe405e2ee0b5259632de16f9b', 1717994501, 'Lorena', 'Rueda Ayala', 'lrueda@lexvalor.com', 'LEXVALOR', '', 1, 3),
(55, 'mmorabowen', 'c0fde5f0f153a4dbe405e2ee0b5259632de16f9b', 1713148680, 'Marcelo', 'Morabowen', 'mmorabowen@lexvalor.com', 'LEXVALOR', '', 1, 3),
(56, 'mchiriboga', 'c0fde5f0f153a4dbe405e2ee0b5259632de16f9b', 1706926738, 'Margoth Elizabeth', 'Chiriboga Lopez', 'mchiriboga@lexvalor.com', 'LEXVALOR', 'Gerencia', 1, 4),
(57, 'maguinaga', 'c0fde5f0f153a4dbe405e2ee0b5259632de16f9b', 1724060965, 'Maria Angeles', 'Aguinaga', 'maguinaga@lexvalor.com', 'LEXVALOR', '', 1, 3),
(58, 'privadeneira', 'c0fde5f0f153a4dbe405e2ee0b5259632de16f9b', 1715829139, 'Maria Pia', 'Rivadeneira Mosquera', 'privadeneira@lexvalor.com', 'LEXVALOR', '', 1, 3),
(59, 'mmoreno', 'c0fde5f0f153a4dbe405e2ee0b5259632de16f9b', 1003319298, 'Mariela Alejandra', 'Moreno Vaca', 'mmoreno@lexvalor.com', 'LEXVALOR', '', 1, 3),
(60, 'ocorrea', 'c0fde5f0f153a4dbe405e2ee0b5259632de16f9b', 1723309744, 'Oscar Ruben', 'Correa Perez', 'ocorrea@lexvalor.com', 'LEXVALOR', '', 1, 3),
(61, 'pbruzzone', 'c0fde5f0f153a4dbe405e2ee0b5259632de16f9b', 1712336054, 'Pedro', 'Bruzzone Manjarres', 'pbruzzone@lexvalor.com', 'LEXVALOR', '', 1, 3),
(62, 'rtrujillo', 'c0fde5f0f153a4dbe405e2ee0b5259632de16f9b', 1717593527, 'Ricardo Andres', 'Trujillo Mosco', 'rtrujillo@lexvalor.com', 'LEXVALOR', '', 1, 3),
(63, 'rsuarez', 'c0fde5f0f153a4dbe405e2ee0b5259632de16f9b', 1712026648, 'Ruben Dario', 'Suarez Chavez', 'rsuarez@lexvalor.com', 'LEXVALOR', '', 1, 3),
(64, 'aerazo', 'c0fde5f0f153a4dbe405e2ee0b5259632de16f9b', 1721067104, 'Ruth Anahi', 'Erazo Paspuel', 'aerazo@lexvalor.com', 'LEXVALOR', '', 1, 3),
(65, 'schacha', 'c0fde5f0f153a4dbe405e2ee0b5259632de16f9b', 1716533318, 'Sandra Mireya', 'Chacha Burgos', 'schacha@lexvalor.com', 'LEXVALOR', '', 1, 3),
(66, 'tguaman', 'c0fde5f0f153a4dbe405e2ee0b5259632de16f9b', 1725798233, 'Tamia Pamela', 'Guaman Coronado', 'tguaman@lexvalor.com', 'LEXVALOR', '', 1, 3),
(67, 'vgomez', 'c0fde5f0f153a4dbe405e2ee0b5259632de16f9b', 1716589146, 'Vanessa Carolina', 'Gomez Mosquera', 'vgomez@lexvalor.com', 'LEXVALOR', '', 1, 3),
(68, 'acadena', 'c0fde5f0f153a4dbe405e2ee0b5259632de16f9b', 1003255815, 'Ana Belen ', 'Cadena Herrera', 'acadena@lexvalor.com', 'LEXTAX', '', 1, 3),
(69, 'bguano', 'c0fde5f0f153a4dbe405e2ee0b5259632de16f9b', 1713555223, 'Byron Oswaldo ', 'Guano Troya', 'bguano@lexvalor.com', 'LEXTAX', '', 1, 3),
(70, 'ccoronel', 'c0fde5f0f153a4dbe405e2ee0b5259632de16f9b', 1002224036, 'Carlos Andres ', 'Coronel Endara', 'ccoronel@lexvalor.com', 'LEXTAX', 'Legal', 1, 4),
(71, 'calmeida', 'c0fde5f0f153a4dbe405e2ee0b5259632de16f9b', 0, 'Cristina Elizabeth', 'Almeida Vaca', 'calmeida@lexvalor.com', 'LEXTAX', '', 1, 3),
(72, 'dloor', 'c0fde5f0f153a4dbe405e2ee0b5259632de16f9b', 0, 'Diana Del Rocio ', 'Loor Mena', 'dloor@lexvalor.com', 'LEXTAX', '', 1, 3),
(73, 'emoreno', 'c0fde5f0f153a4dbe405e2ee0b5259632de16f9b', 1725276321, 'Emily Gabriela ', 'Moreno Villacreses', 'emoreno@lexvalor.com', 'LEXTAX', '', 1, 3),
(74, 'gcevallos', 'c0fde5f0f153a4dbe405e2ee0b5259632de16f9b', 1712085578, 'German ', 'Cevallos Landeta', 'gcevallos@lexvalor.com', 'LEXTAX', '', 1, 3),
(75, 'jjijon', 'c0fde5f0f153a4dbe405e2ee0b5259632de16f9b', 915197214, 'Jorge Ricardo', 'Jijon Marquez De La Plata', 'jjijon@lexvalor.com', 'LEXTAX', '', 1, 3),
(76, 'jzarria', 'c0fde5f0f153a4dbe405e2ee0b5259632de16f9b', 1711040160, 'Josue Alejandro ', 'Zarría', 'jzarria@lexvalor.com', 'LEXTAX', '', 1, 4),
(77, 'jcastro', 'c0fde5f0f153a4dbe405e2ee0b5259632de16f9b', 1104957418, 'José Israel', 'Castro Villamagua', 'jcastro@lexvalor.com', 'LEXTAX', '', 1, 3),
(78, 'msemanate', 'c0fde5f0f153a4dbe405e2ee0b5259632de16f9b', 501882567, 'Mariangeles ', 'Semanate ', 'msemanate@lexvalor.com', 'LEXTAX', 'Gerencia', 1, 4),
(79, 'mleon', 'c0fde5f0f153a4dbe405e2ee0b5259632de16f9b', 0, 'Mayra Alejandra ', 'Leon Lojan', 'mleon@lexvalor.com', 'LEXTAX', '', 1, 3),
(80, 'mbermudez', 'c0fde5f0f153a4dbe405e2ee0b5259632de16f9b', 1720921186, 'Michelle ', 'Bermudez Vega', 'mbermudez@lexvalor.com', 'LEXTAX', '', 1, 3),
(81, 'parias', 'c0fde5f0f153a4dbe405e2ee0b5259632de16f9b', 602672222, 'Pablo Andres ', 'Arias Aizaga', 'parias@lexvalor.com', 'LEXTAX', '', 1, 3),
(82, 'vchiriboga', 'c0fde5f0f153a4dbe405e2ee0b5259632de16f9b', 0, 'Victor Alfredo ', 'Chiriboga Granja', 'vchiriboga@lexvalor.com', 'LEXTAX', '', 1, 3),
(83, 'Kmedrano', 'c0fde5f0f153a4dbe405e2ee0b5259632de16f9b', 1, 'Katy', 'Medrano', 'katy.medrano@businesstime.com.ec', 'Bussines Time', 'Gerencia', 1, 3),
(84, 'imoreno', 'c0fde5f0f153a4dbe405e2ee0b5259632de16f9b', 1, 'Isabela ', 'Moreno Burns', 'Imoreno@lexvalor.com', 'PEÑAHERRERA Y PONCE', 'Legal', 1, 3),
(85, 'apenaherrera', 'c0fde5f0f153a4dbe405e2ee0b5259632de16f9b', 1704744570, 'Alfredo ', 'Peñaherrera ', 'apenaherrera@lexvalor.com', 'PEÑAHERRERA Y PONCE', 'Legal ', 1, 4),
(86, 'rpenaherrera', 'c0fde5f0f153a4dbe405e2ee0b5259632de16f9b', 1713434643, 'Ricardo', 'Peñaherrera', 'rpenaherrera@lexvalor.com', 'PEÑAHERRERA Y PONCE', 'Legal ', 1, 3),
(87, 'heponce', 'c0fde5f0f153a4dbe405e2ee0b5259632de16f9b', 1704686367, 'Hernan  ', 'Ponce', 'heponce@lexvalor.com', 'PEÑAHERRERA Y PONCE', 'Legal', 1, 4),
(88, 'ateran', 'c0fde5f0f153a4dbe405e2ee0b5259632de16f9b', 1715788335, 'Ana Maria  ', 'Teran', 'ateran@lexvalor.com', 'PEÑAHERRERA Y PONCE', 'Legal', 1, 3),
(89, 'gosejo', 'c0fde5f0f153a4dbe405e2ee0b5259632de16f9b', 1804620266, 'Gustavo    ', 'Osejo    ', 'gosejo@lexvalor.com', 'PEÑAHERRERA Y PONCE', 'Legal', 1, 3),
(90, 'afigueroa', 'c0fde5f0f153a4dbe405e2ee0b5259632de16f9b', 1721362166, 'Alexander  ', 'Figueroa', 'afigueroa@lexvalor.com', 'PEÑAHERRERA Y PONCE', 'Legal ', 1, 3),
(91, 'ccaffarena', 'c0fde5f0f153a4dbe405e2ee0b5259632de16f9b', 1715158539, 'Catalina  ', 'Caffarena', 'ccaffarena@lexvalor.com', 'PEÑAHERRERA Y PONCE', 'Legal', 1, 3),
(92, 'jguerra', 'c0fde5f0f153a4dbe405e2ee0b5259632de16f9b', 1717542201, 'Juan Felipe  ', 'Guerra', 'jguerra@lexvalor.com', 'PEÑAHERRERA Y PONCE', 'Legal ', 1, 3),
(93, 'mvazconez', 'c0fde5f0f153a4dbe405e2ee0b5259632de16f9b', 1716533706, 'Martin  ', 'Vasconez', 'mvazconez@lexvalor.com', 'PEÑAHERRERA Y PONCE', 'Legal', 1, 3),
(94, 'saguirre', 'c0fde5f0f153a4dbe405e2ee0b5259632de16f9b', 1713730842, 'Santiago  ', 'Aguirre', 'saguirre@lexvalor.com', 'PEÑAHERRERA Y PONCE', 'Legal', 1, 3),
(95, 'jponce', 'c0fde5f0f153a4dbe405e2ee0b5259632de16f9b', 1713968699, 'Joaquin   ', 'Ponce', 'jponce@lexvalor.com', 'PEÑAHERRERA Y PONCE', 'Legal ', 1, 3),
(96, 'bpenaherrera', 'c0fde5f0f153a4dbe405e2ee0b5259632de16f9b', 1704661725, 'Beatriz  ', 'Peñaherrera', 'bpenaherrera@lexvalor.com', 'PEÑAHERRERA Y PONCE', 'Gerencia', 1, 4),
(97, 'kapolo', 'c0fde5f0f153a4dbe405e2ee0b5259632de16f9b', 1725147654, 'Karolina  ', 'Apolo', 'facturacion_pp@lexvalor.com', 'PEÑAHERRERA Y PONCE', 'Contabilidad', 1, 3),
(98, 'abasantes', 'c0fde5f0f153a4dbe405e2ee0b5259632de16f9b', 1715283618, 'Alexandra  ', 'Basantes', 'abasantes@lexvalor.com', 'PEÑAHERRERA Y PONCE', 'Contabilidad', 1, 3),
(99, 'jberrones', 'c0fde5f0f153a4dbe405e2ee0b5259632de16f9b', 1716188154, 'Johanna  ', 'Berrones', 'jberrones@lexvalor.com', 'PEÑAHERRERA Y PONCE', 'Contabilidad', 1, 3),
(100, 'czambrano', 'c0fde5f0f153a4dbe405e2ee0b5259632de16f9b', 1753361086, 'Camila  ', 'Zambrano', 'czambrano@lexvalor.com', 'PEÑAHERRERA Y PONCE', 'Legal', 1, 4),
(101, 'hbarahona', 'c0fde5f0f153a4dbe405e2ee0b5259632de16f9b', 0, 'Héctor ', 'Barahona', 'hbarahona@lexvalor.com', 'LEXVALOR', 'Gerencia', 1, 4);

--
-- Índices para tablas volcadas
--

--
-- Indices de la tabla `log`
--
ALTER TABLE `log`
  ADD PRIMARY KEY (`id`),
  ADD KEY `id_usuario` (`id_usuario`);

--
-- Indices de la tabla `menu`
--
ALTER TABLE `menu`
  ADD PRIMARY KEY (`id_menu`);

--
-- Indices de la tabla `permisos`
--
ALTER TABLE `permisos`
  ADD PRIMARY KEY (`id_permisos`),
  ADD KEY `id_menu` (`id_menu`,`id_role`),
  ADD KEY `id_role` (`id_role`),
  ADD KEY `id_menu_2` (`id_menu`),
  ADD KEY `id_role_2` (`id_role`);

--
-- Indices de la tabla `role`
--
ALTER TABLE `role`
  ADD PRIMARY KEY (`id_role`),
  ADD KEY `nombre_role` (`nombre_role`);

--
-- Indices de la tabla `servicio`
--
ALTER TABLE `servicio`
  ADD PRIMARY KEY (`id_servicio`),
  ADD KEY `id_usuario` (`id_usuario`);

--
-- Indices de la tabla `solucion_servicio`
--
ALTER TABLE `solucion_servicio`
  ADD PRIMARY KEY (`id_solucion`),
  ADD KEY `id_servicio` (`id_servicio`);

--
-- Indices de la tabla `switch`
--
ALTER TABLE `switch`
  ADD PRIMARY KEY (`id`);

--
-- Indices de la tabla `usuario`
--
ALTER TABLE `usuario`
  ADD PRIMARY KEY (`id_usuario`);

--
-- AUTO_INCREMENT de las tablas volcadas
--

--
-- AUTO_INCREMENT de la tabla `log`
--
ALTER TABLE `log`
  MODIFY `id` int(11) NOT NULL AUTO_INCREMENT, AUTO_INCREMENT=554;

--
-- AUTO_INCREMENT de la tabla `menu`
--
ALTER TABLE `menu`
  MODIFY `id_menu` int(11) NOT NULL AUTO_INCREMENT, AUTO_INCREMENT=7;

--
-- AUTO_INCREMENT de la tabla `permisos`
--
ALTER TABLE `permisos`
  MODIFY `id_permisos` int(11) NOT NULL AUTO_INCREMENT, AUTO_INCREMENT=67;

--
-- AUTO_INCREMENT de la tabla `role`
--
ALTER TABLE `role`
  MODIFY `id_role` int(11) NOT NULL AUTO_INCREMENT, AUTO_INCREMENT=5;

--
-- AUTO_INCREMENT de la tabla `servicio`
--
ALTER TABLE `servicio`
  MODIFY `id_servicio` int(11) NOT NULL AUTO_INCREMENT, AUTO_INCREMENT=62;

--
-- AUTO_INCREMENT de la tabla `solucion_servicio`
--
ALTER TABLE `solucion_servicio`
  MODIFY `id_solucion` int(11) NOT NULL AUTO_INCREMENT, AUTO_INCREMENT=56;

--
-- AUTO_INCREMENT de la tabla `switch`
--
ALTER TABLE `switch`
  MODIFY `id` int(11) NOT NULL AUTO_INCREMENT;

--
-- AUTO_INCREMENT de la tabla `usuario`
--
ALTER TABLE `usuario`
  MODIFY `id_usuario` int(11) NOT NULL AUTO_INCREMENT, AUTO_INCREMENT=102;

--
-- Restricciones para tablas volcadas
--

--
-- Filtros para la tabla `permisos`
--
ALTER TABLE `permisos`
  ADD CONSTRAINT `permisos_ibfk_1` FOREIGN KEY (`id_menu`) REFERENCES `menu` (`id_menu`) ON DELETE CASCADE ON UPDATE CASCADE,
  ADD CONSTRAINT `permisos_ibfk_2` FOREIGN KEY (`id_role`) REFERENCES `role` (`id_role`) ON DELETE CASCADE ON UPDATE CASCADE;

--
-- Filtros para la tabla `servicio`
--
ALTER TABLE `servicio`
  ADD CONSTRAINT `servicio_ibfk_1` FOREIGN KEY (`id_usuario`) REFERENCES `usuario` (`id_usuario`) ON DELETE CASCADE ON UPDATE CASCADE;

--
-- Filtros para la tabla `solucion_servicio`
--
ALTER TABLE `solucion_servicio`
  ADD CONSTRAINT `solucion_servicio_ibfk_1` FOREIGN KEY (`id_servicio`) REFERENCES `servicio` (`id_servicio`) ON DELETE CASCADE ON UPDATE CASCADE;
COMMIT;

/*!40101 SET CHARACTER_SET_CLIENT=@OLD_CHARACTER_SET_CLIENT */;
/*!40101 SET CHARACTER_SET_RESULTS=@OLD_CHARACTER_SET_RESULTS */;
/*!40101 SET COLLATION_CONNECTION=@OLD_COLLATION_CONNECTION */;
