-- phpMyAdmin SQL Dump
-- version 4.7.7
-- https://www.phpmyadmin.net/
--
-- Servidor: localhost:3306
-- Tiempo de generación: 29-10-2018 a las 15:11:24
-- Versión del servidor: 5.6.41-84.1
-- Versión de PHP: 5.6.30

SET SQL_MODE = "NO_AUTO_VALUE_ON_ZERO";
SET AUTOCOMMIT = 0;
START TRANSACTION;
SET time_zone = "+00:00";


/*!40101 SET @OLD_CHARACTER_SET_CLIENT=@@CHARACTER_SET_CLIENT */;
/*!40101 SET @OLD_CHARACTER_SET_RESULTS=@@CHARACTER_SET_RESULTS */;
/*!40101 SET @OLD_COLLATION_CONNECTION=@@COLLATION_CONNECTION */;
/*!40101 SET NAMES utf8mb4 */;

--
-- Base de datos: `cotedemc_soporte`
--

-- --------------------------------------------------------

--
-- Estructura de tabla para la tabla `log`
--

CREATE TABLE `log` (
  `id` int(11) NOT NULL,
  `id_usuario` int(11) DEFAULT NULL,
  `ip` varchar(12) NOT NULL,
  `controlador` varchar(30) NOT NULL,
  `metodo` varchar(30) NOT NULL,
  `fecha` date NOT NULL,
  `hora` time NOT NULL
) ENGINE=InnoDB DEFAULT CHARSET=latin1;

--
-- Volcado de datos para la tabla `log`
--

INSERT INTO `log` (`id`, `id_usuario`, `ip`, `controlador`, `metodo`, `fecha`, `hora`) VALUES
(1, 1, '::1', 'login', 'index', '2018-09-10', '16:17:28'),
(2, NULL, '181.199.32.2', 'login', 'index', '2018-10-04', '17:37:08'),
(3, NULL, '181.199.32.2', 'login', 'index', '2018-10-04', '17:41:30'),
(4, 1, '181.199.32.2', 'login', 'index', '2018-10-04', '17:41:30'),
(5, 1, '181.199.32.2', 'principal', 'index', '2018-10-04', '17:41:31'),
(6, 1, '181.199.32.2', 'app', 'index', '2018-10-04', '17:41:37'),
(7, 1, '181.199.32.2', 'app', 'index', '2018-10-04', '17:41:37'),
(8, 1, '181.199.32.2', 'servicio', 'index', '2018-10-04', '17:43:17'),
(9, 1, '181.199.32.2', 'solicitudes', 'index', '2018-10-04', '17:44:07'),
(10, 1, '181.199.32.2', 'servicio', 'index', '2018-10-04', '17:44:11'),
(11, 1, '181.199.32.2', 'solicitudes', 'index', '2018-10-04', '17:44:13'),
(12, 1, '181.199.32.2', 'principal', 'index', '2018-10-04', '17:48:06'),
(13, 1, '181.199.32.2', 'servicio', 'index', '2018-10-04', '17:48:06'),
(14, 1, '181.199.32.2', 'admin_servicios', 'index', '2018-10-04', '17:48:11'),
(15, 1, '181.199.32.2', 'supervisor', 'index', '2018-10-04', '17:48:21'),
(16, 1, '181.199.32.2', 'solicitudes', 'index', '2018-10-04', '17:48:23'),
(17, 1, '181.199.32.2', 'servicio', 'index', '2018-10-04', '17:48:26'),
(18, 1, '181.199.32.2', 'servicio', 'index', '2018-10-04', '17:48:26'),
(19, NULL, '181.199.32.2', 'supervisor', 'index', '2018-10-04', '17:50:03'),
(20, NULL, '181.199.32.2', 'login', 'index', '2018-10-04', '17:50:03'),
(21, 2, '181.199.32.2', 'servicio', 'index', '2018-10-04', '17:51:29'),
(22, 2, '181.199.32.2', 'servicio', 'registrar_servicio', '2018-10-04', '17:52:07'),
(23, 2, '181.199.32.2', 'servicio', 'index', '2018-10-04', '17:52:08'),
(24, 2, '181.199.32.2', 'admin_servicios', 'index', '2018-10-04', '17:52:15'),
(25, 2, '181.199.32.2', 'admin_servicios', 'index', '2018-10-04', '17:52:16'),
(26, 2, '181.199.32.2', 'app', 'index', '2018-10-04', '17:52:16'),
(27, 2, '181.199.32.2', 'admin_servicios', 'buscar_servicio_usuario', '2018-10-04', '17:52:20'),
(28, 2, '181.199.32.2', 'servicio', 'index', '2018-10-04', '17:52:58'),
(29, 2, '181.199.32.2', 'admin_servicios', 'index', '2018-10-04', '17:53:34'),
(30, 2, '181.199.32.2', 'admin_servicios', 'buscar_servicio_usuario', '2018-10-04', '17:53:36'),
(31, 2, '181.199.32.2', 'admin_servicios', 'cambiar_estatus_servicio', '2018-10-04', '17:56:32'),
(32, 2, '181.199.32.2', 'admin_servicios', 'index', '2018-10-04', '17:56:33'),
(33, 2, '181.199.32.2', 'servicio', 'index', '2018-10-04', '17:58:49'),
(34, 2, '181.199.32.2', 'servicio', 'registrar_servicio', '2018-10-04', '17:59:42'),
(35, 2, '181.199.32.2', 'servicio', 'index', '2018-10-04', '17:59:43'),
(36, 2, '181.199.32.2', 'admin_servicios', 'index', '2018-10-04', '18:00:04'),
(37, 2, '181.199.32.2', 'admin_servicios', 'index', '2018-10-04', '18:00:17'),
(38, 2, '181.199.32.2', 'admin_servicios', 'index', '2018-10-04', '18:00:22'),
(39, 2, '181.199.32.2', 'solicitudes', 'index', '2018-10-04', '18:00:26'),
(40, 2, '181.199.32.2', 'servicio', 'index', '2018-10-04', '18:00:32'),
(41, 2, '181.199.32.2', 'login', 'cerrar', '2018-10-04', '18:00:57'),
(42, NULL, '181.199.32.2', 'login', 'index', '2018-10-04', '18:00:59'),
(43, NULL, '181.199.32.2', 'login', 'index', '2018-10-04', '18:01:06'),
(44, 78, '181.199.32.2', 'login', 'index', '2018-10-04', '18:01:06'),
(45, 78, '181.199.32.2', 'principal', 'index', '2018-10-04', '18:01:09'),
(46, 1, '181.199.32.2', 'servicio', 'index', '2018-10-04', '18:01:13'),
(47, 78, '181.199.32.2', 'servicio', 'index', '2018-10-04', '18:01:13'),
(48, 1, '181.199.32.2', 'servicio', 'index', '2018-10-04', '18:01:14'),
(49, 1, '181.199.32.2', 'solicitudes', 'index', '2018-10-04', '18:01:17'),
(50, 78, '181.199.32.2', 'solicitudes', 'index', '2018-10-04', '18:01:20'),
(51, 1, '181.199.32.2', 'supervisor', 'index', '2018-10-04', '18:01:20'),
(52, 78, '181.199.32.2', 'supervisor', 'index', '2018-10-04', '18:01:25'),
(53, 78, '181.199.32.2', 'login', 'cerrar', '2018-10-04', '18:01:41'),
(54, NULL, '181.199.32.2', 'login', 'index', '2018-10-04', '18:01:41'),
(55, NULL, '181.199.32.2', 'login', 'index', '2018-10-04', '18:01:50'),
(56, 2, '181.199.32.2', 'login', 'index', '2018-10-04', '18:01:51'),
(57, 2, '181.199.32.2', 'principal', 'index', '2018-10-04', '18:01:51'),
(58, 2, '181.199.32.2', 'login', 'cerrar', '2018-10-04', '18:02:00'),
(59, NULL, '181.199.32.2', 'login', 'index', '2018-10-04', '18:02:00'),
(60, NULL, '181.199.32.2', 'login', 'index', '2018-10-04', '18:02:20'),
(61, 78, '181.199.32.2', 'login', 'index', '2018-10-04', '18:02:21'),
(62, 78, '181.199.32.2', 'principal', 'index', '2018-10-04', '18:02:21'),
(63, 78, '181.199.32.2', 'supervisor', 'index', '2018-10-04', '18:02:25'),
(64, 78, '181.199.32.2', 'supervisor', 'buscar_x_fecha', '2018-10-04', '18:02:46'),
(65, 78, '181.199.32.2', 'pdf', 'reporte_x_empresa', '2018-10-04', '18:02:50'),
(66, NULL, '181.199.32.2', 'principal', 'index', '2018-10-04', '18:04:52'),
(67, NULL, '181.199.32.2', 'login', 'index', '2018-10-04', '18:04:52'),
(68, 78, '181.199.32.2', 'login', 'cerrar', '2018-10-04', '18:05:05'),
(69, NULL, '181.199.32.2', 'login', 'index', '2018-10-04', '18:05:06'),
(70, NULL, '181.199.32.2', 'login', 'index', '2018-10-04', '18:05:12'),
(71, 2, '181.199.32.2', 'login', 'index', '2018-10-04', '18:05:13'),
(72, 2, '181.199.32.2', 'principal', 'index', '2018-10-04', '18:05:13'),
(73, 2, '181.199.32.2', 'servicio', 'index', '2018-10-04', '18:06:18'),
(74, 2, '181.199.32.2', 'admin_servicios', 'index', '2018-10-04', '18:06:34'),
(75, 2, '181.199.32.2', 'admin_servicios', 'buscar_servicio_usuario', '2018-10-04', '18:06:37'),
(76, 1, '181.199.32.2', 'solicitudes', 'index', '2018-10-04', '18:07:39'),
(77, 1, '181.199.32.2', 'solicitudes', 'index', '2018-10-04', '18:07:43'),
(78, 1, '181.199.32.2', 'admin_servicios', 'index', '2018-10-04', '18:07:46'),
(79, 1, '181.199.32.2', 'admin_servicios', 'buscar_servicio_solucionado', '2018-10-04', '18:07:50'),
(80, 1, '181.199.32.2', 'app', 'index', '2018-10-04', '18:10:10'),
(81, 2, '181.199.32.2', 'admin_servicios', 'cambiar_estatus_servicio', '2018-10-04', '18:14:37'),
(82, 2, '181.199.32.2', 'admin_servicios', 'index', '2018-10-04', '18:14:38'),
(83, 2, '181.199.32.2', 'admin_servicios', 'buscar_servicio_solucionado', '2018-10-04', '18:15:07'),
(84, NULL, '181.199.32.2', 'login', 'index', '2018-10-04', '18:21:55'),
(85, NULL, '181.199.32.2', 'login', 'index', '2018-10-04', '18:22:05'),
(86, 2, '181.199.32.2', 'login', 'index', '2018-10-04', '18:22:06'),
(87, 2, '181.199.32.2', 'principal', 'index', '2018-10-04', '18:22:06'),
(88, 2, '181.199.32.2', 'admin_servicios', 'index', '2018-10-04', '18:22:14'),
(89, 2, '181.199.32.2', 'admin_servicios', 'buscar_servicio_solucionado', '2018-10-04', '18:22:20'),
(90, 2, '181.199.32.2', 'admin_servicios', 'buscar_servicio_solucionado', '2018-10-04', '18:22:32'),
(91, 2, '181.199.32.2', 'admin_servicios', 'buscar_servicios_solucionados', '2018-10-04', '18:23:06'),
(92, 2, '181.199.32.2', 'admin_servicios', 'buscar_servicios_solucionados', '2018-10-04', '18:23:06'),
(93, 2, '181.199.32.2', 'admin_servicios', 'buscar_servicios_solucionados', '2018-10-04', '18:23:06'),
(94, 2, '181.199.32.2', 'admin_servicios', 'buscar_servicios_solucionados', '2018-10-04', '18:23:07'),
(95, 2, '181.199.32.2', 'admin_servicios', 'buscar_servicios_solucionados', '2018-10-04', '18:23:07'),
(96, 2, '181.199.32.2', 'admin_servicios', 'buscar_servicios_solucionados', '2018-10-04', '18:23:09'),
(97, 2, '181.199.32.2', 'admin_servicios', 'buscar_servicios_solucionados', '2018-10-04', '18:23:09'),
(98, 2, '181.199.32.2', 'admin_servicios', 'buscar_servicios_solucionados', '2018-10-04', '18:23:10'),
(99, 2, '181.199.32.2', 'admin_servicios', 'buscar_servicios_solucionados', '2018-10-04', '18:23:10'),
(100, 2, '181.199.32.2', 'admin_servicios', 'buscar_servicios_solucionados', '2018-10-04', '18:23:11'),
(101, 2, '181.199.32.2', 'admin_servicios', 'buscar_servicios_solucionados', '2018-10-04', '18:23:11'),
(102, 2, '181.199.32.2', 'admin_servicios', 'buscar_servicios_solucionados', '2018-10-04', '18:23:11'),
(103, 2, '181.199.32.2', 'admin_servicios', 'buscar_servicios_solucionados', '2018-10-04', '18:23:12'),
(104, 2, '181.199.32.2', 'admin_servicios', 'buscar_servicios_solucionados', '2018-10-04', '18:23:12'),
(105, 2, '181.199.32.2', 'admin_servicios', 'buscar_servicios_solucionados', '2018-10-04', '18:23:12'),
(106, 2, '181.199.32.2', 'admin_servicios', 'buscar_servicios_solucionados', '2018-10-04', '18:23:13'),
(107, 2, '181.199.32.2', 'admin_servicios', 'buscar_servicios_solucionados', '2018-10-04', '18:23:13'),
(108, 2, '181.199.32.2', 'admin_servicios', 'buscar_servicios_solucionados', '2018-10-04', '18:23:13'),
(109, 2, '181.199.32.2', 'admin_servicios', 'buscar_servicios_solucionados', '2018-10-04', '18:23:13'),
(110, 2, '181.199.32.2', 'admin_servicios', 'buscar_servicios_solucionados', '2018-10-04', '18:23:13'),
(111, 2, '181.199.32.2', 'admin_servicios', 'buscar_servicios_solucionados', '2018-10-04', '18:23:13'),
(112, 2, '181.199.32.2', 'admin_servicios', 'buscar_servicios_solucionados', '2018-10-04', '18:23:15'),
(113, 2, '181.199.32.2', 'admin_servicios', 'buscar_servicios_solucionados', '2018-10-04', '18:23:15'),
(114, 2, '181.199.32.2', 'admin_servicios', 'buscar_servicios_solucionados', '2018-10-04', '18:23:15'),
(115, 2, '181.199.32.2', 'admin_servicios', 'buscar_servicios_solucionados', '2018-10-04', '18:23:16'),
(116, 2, '181.199.32.2', 'admin_servicios', 'buscar_servicios_solucionados', '2018-10-04', '18:23:16'),
(117, 2, '181.199.32.2', 'admin_servicios', 'buscar_servicios_solucionados', '2018-10-04', '18:23:16'),
(118, 2, '181.199.32.2', 'admin_servicios', 'buscar_servicios_solucionados', '2018-10-04', '18:23:16'),
(119, 2, '181.199.32.2', 'admin_servicios', 'buscar_servicios_solucionados', '2018-10-04', '18:23:20'),
(120, 2, '181.199.32.2', 'admin_servicios', 'buscar_servicios_solucionados', '2018-10-04', '18:23:20'),
(121, 2, '181.199.32.2', 'admin_servicios', 'buscar_servicios_solucionados', '2018-10-04', '18:23:20'),
(122, 2, '181.199.32.2', 'admin_servicios', 'buscar_servicios_solucionados', '2018-10-04', '18:23:20'),
(123, 2, '181.199.32.2', 'admin_servicios', 'buscar_servicios_solucionados', '2018-10-04', '18:23:21'),
(124, 2, '181.199.32.2', 'admin_servicios', 'buscar_servicios_solucionados', '2018-10-04', '18:23:21'),
(125, 2, '181.199.32.2', 'admin_servicios', 'buscar_servicio_solucionado', '2018-10-04', '18:23:34'),
(126, 2, '181.199.32.2', 'admin_servicios', 'buscar_servicio_solucionado', '2018-10-04', '18:23:42'),
(127, 2, '181.199.32.2', 'admin_servicios', 'buscar_servicio_solucionado', '2018-10-04', '18:23:48'),
(128, 2, '181.199.32.2', 'admin_servicios', 'buscar_servicio_solucionado', '2018-10-04', '18:24:11'),
(129, 2, '181.199.32.2', 'admin_servicios', 'buscar_servicios_solucionados', '2018-10-04', '18:24:25'),
(130, 2, '181.199.32.2', 'admin_servicios', 'buscar_servicios_solucionados', '2018-10-04', '18:24:25'),
(131, 2, '181.199.32.2', 'admin_servicios', 'buscar_servicios_solucionados', '2018-10-04', '18:24:25'),
(132, 2, '181.199.32.2', 'admin_servicios', 'buscar_servicios_solucionados', '2018-10-04', '18:24:26'),
(133, 2, '181.199.32.2', 'admin_servicios', 'buscar_servicios_solucionados', '2018-10-04', '18:24:26'),
(134, 2, '181.199.32.2', 'admin_servicios', 'buscar_servicios_solucionados', '2018-10-04', '18:24:26'),
(135, 2, '181.199.32.2', 'admin_servicios', 'buscar_servicios_solucionados', '2018-10-04', '18:24:27'),
(136, 2, '181.199.32.2', 'admin_servicios', 'buscar_servicios_solucionados', '2018-10-04', '18:24:27'),
(137, 2, '181.199.32.2', 'admin_servicios', 'buscar_servicios_solucionados', '2018-10-04', '18:24:28'),
(138, 2, '181.199.32.2', 'admin_servicios', 'buscar_servicios_solucionados', '2018-10-04', '18:24:28'),
(139, 2, '181.199.32.2', 'admin_servicios', 'buscar_servicios_solucionados', '2018-10-04', '18:24:28'),
(140, 2, '181.199.32.2', 'admin_servicios', 'buscar_servicios_solucionados', '2018-10-04', '18:24:29'),
(141, 2, '181.199.32.2', 'admin_servicios', 'buscar_servicios_solucionados', '2018-10-04', '18:24:29'),
(142, 2, '181.199.32.2', 'admin_servicios', 'buscar_servicios_solucionados', '2018-10-04', '18:24:31'),
(143, 2, '181.199.32.2', 'admin_servicios', 'buscar_servicios_solucionados', '2018-10-04', '18:24:31'),
(144, 2, '181.199.32.2', 'admin_servicios', 'buscar_servicios_solucionados', '2018-10-04', '18:24:32'),
(145, 2, '181.199.32.2', 'admin_servicios', 'buscar_servicios_solucionados', '2018-10-04', '18:24:32'),
(146, 2, '181.199.32.2', 'admin_servicios', 'buscar_servicios_solucionados', '2018-10-04', '18:24:32'),
(147, 2, '181.199.32.2', 'admin_servicios', 'buscar_servicios_solucionados', '2018-10-04', '18:24:33'),
(148, 2, '181.199.32.2', 'admin_servicios', 'buscar_servicio_solucionado', '2018-10-04', '18:24:40'),
(149, 2, '181.199.32.2', 'admin_servicios', 'buscar_servicio_solucionado', '2018-10-04', '18:25:04'),
(150, 2, '181.199.32.2', 'admin_servicios', 'buscar_servicio_solucionado', '2018-10-04', '18:25:08'),
(151, 2, '181.199.32.2', 'admin_servicios', 'index', '2018-10-04', '18:25:25'),
(152, 2, '181.199.32.2', 'app', 'index', '2018-10-04', '18:25:29'),
(153, 2, '181.199.32.2', 'admin_servicios', 'index', '2018-10-04', '18:25:38'),
(154, 2, '181.199.32.2', 'app', 'index', '2018-10-04', '18:25:42'),
(155, 2, '181.199.32.2', 'servicio', 'index', '2018-10-04', '18:26:20'),
(156, 2, '181.199.32.2', 'supervisor', 'index', '2018-10-04', '18:26:28'),
(157, 2, '181.199.32.2', 'pdf', 'reporte_x_empresa', '2018-10-04', '18:26:44'),
(158, 2, '181.199.32.2', 'solicitudes', 'index', '2018-10-04', '18:27:04'),
(159, 2, '181.199.32.2', 'admin_servicios', 'index', '2018-10-04', '18:27:26'),
(160, 2, '181.199.32.2', 'admin_servicios', 'buscar_servicios_solucionados', '2018-10-04', '18:27:36'),
(161, 2, '181.199.32.2', 'admin_servicios', 'buscar_servicios_solucionados', '2018-10-04', '18:27:36'),
(162, 2, '181.199.32.2', 'admin_servicios', 'buscar_servicios_solucionados', '2018-10-04', '18:27:36'),
(163, 2, '181.199.32.2', 'admin_servicios', 'buscar_servicios_solucionados', '2018-10-04', '18:27:36'),
(164, 2, '181.199.32.2', 'admin_servicios', 'buscar_servicios_solucionados', '2018-10-04', '18:27:38'),
(165, 2, '181.199.32.2', 'admin_servicios', 'buscar_servicios_solucionados', '2018-10-04', '18:27:38'),
(166, 2, '181.199.32.2', 'admin_servicios', 'buscar_servicios_solucionados', '2018-10-04', '18:27:39'),
(167, 2, '181.199.32.2', 'admin_servicios', 'buscar_servicios_solucionados', '2018-10-04', '18:27:39'),
(168, 2, '181.199.32.2', 'admin_servicios', 'buscar_servicios_solucionados', '2018-10-04', '18:27:39'),
(169, 2, '181.199.32.2', 'admin_servicios', 'buscar_servicios_solucionados', '2018-10-04', '18:27:39'),
(170, 2, '181.199.32.2', 'admin_servicios', 'buscar_servicios_solucionados', '2018-10-04', '18:27:40'),
(171, 2, '181.199.32.2', 'app', 'index', '2018-10-04', '18:28:03'),
(172, 2, '181.199.32.2', 'app', 'buscar_usuario', '2018-10-04', '18:31:45'),
(173, 2, '181.199.32.2', 'app', 'buscar_usuario', '2018-10-04', '18:31:45'),
(174, 2, '181.199.32.2', 'app', 'editar_usuario', '2018-10-04', '18:31:49'),
(175, 2, '181.199.32.2', 'app', 'buscar_roles', '2018-10-04', '18:31:50'),
(176, 2, '181.199.32.2', 'app', 'modificar_usuario', '2018-10-04', '18:31:58'),
(177, 2, '181.199.32.2', 'servicio', 'index', '2018-10-04', '18:32:04'),
(178, 2, '181.199.32.2', 'servicio', 'registrar_servicio', '2018-10-04', '18:34:52'),
(179, 2, '181.199.32.2', 'servicio', 'index', '2018-10-04', '18:34:52'),
(180, 2, '181.199.32.2', 'admin_servicios', 'index', '2018-10-04', '18:34:58'),
(181, 2, '181.199.32.2', 'admin_servicios', 'buscar_servicio_usuario', '2018-10-04', '18:35:01'),
(182, NULL, '181.199.32.2', 'login', 'index', '2018-10-04', '18:38:32'),
(183, 2, '181.199.32.2', 'admin_servicios', 'index', '2018-10-04', '18:41:08'),
(184, 2, '181.199.32.2', 'admin_servicios', 'buscar_servicio_usuario', '2018-10-04', '18:41:12'),
(185, 2, '181.199.32.2', 'admin_servicios', 'cambiar_estatus_servicio', '2018-10-04', '18:46:19'),
(186, 2, '181.199.32.2', 'admin_servicios', 'index', '2018-10-04', '18:46:20'),
(187, 2, '181.199.32.2', 'app', 'index', '2018-10-04', '18:46:51'),
(188, 2, '181.199.32.2', 'supervisor', 'index', '2018-10-04', '18:46:59'),
(189, 2, '181.199.32.2', 'solicitudes', 'index', '2018-10-04', '18:47:00'),
(190, 2, '181.199.32.2', 'app', 'index', '2018-10-04', '18:47:04'),
(191, 2, '181.199.32.2', 'app', 'buscar_usuario', '2018-10-04', '18:47:18'),
(192, 2, '181.199.32.2', 'app', 'buscar_usuario', '2018-10-04', '18:47:18'),
(193, 2, '181.199.32.2', 'app', 'buscar_usuario', '2018-10-04', '18:47:19'),
(194, 2, '181.199.32.2', 'app', 'buscar_usuario', '2018-10-04', '18:47:20'),
(195, 2, '181.199.32.2', 'app', 'buscar_usuario', '2018-10-04', '18:47:21'),
(196, 2, '181.199.32.2', 'app', 'buscar_usuario', '2018-10-04', '18:47:21'),
(197, 2, '181.199.32.2', 'app', 'buscar_usuario', '2018-10-04', '18:47:21'),
(198, 2, '181.199.32.2', 'app', 'buscar_usuario', '2018-10-04', '18:47:22'),
(199, 2, '181.199.32.2', 'app', 'buscar_usuario', '2018-10-04', '18:47:23'),
(200, 2, '181.199.32.2', 'app', 'buscar_usuario', '2018-10-04', '18:47:24'),
(201, 2, '181.199.32.2', 'app', 'buscar_usuario', '2018-10-04', '18:47:24'),
(202, 2, '181.199.32.2', 'app', 'buscar_usuario', '2018-10-04', '18:47:25'),
(203, 2, '181.199.32.2', 'app', 'buscar_usuario', '2018-10-04', '18:47:25'),
(204, 2, '181.199.32.2', 'app', 'editar_usuario', '2018-10-04', '18:47:34'),
(205, 2, '181.199.32.2', 'app', 'buscar_roles', '2018-10-04', '18:47:34'),
(206, 2, '181.199.32.2', 'app', 'modificar_usuario', '2018-10-04', '18:47:51'),
(207, NULL, '181.199.32.2', 'principal', 'index', '2018-10-04', '21:34:21'),
(208, NULL, '181.199.32.2', 'login', 'index', '2018-10-04', '21:34:22'),
(209, NULL, '181.199.32.2', 'login', 'index', '2018-10-04', '21:34:29'),
(210, 2, '181.199.32.2', 'login', 'index', '2018-10-04', '21:34:29'),
(211, 2, '181.199.32.2', 'principal', 'index', '2018-10-04', '21:34:30'),
(212, 2, '181.199.32.2', 'servicio', 'index', '2018-10-04', '21:34:32'),
(213, 2, '181.199.32.2', 'admin_servicios', 'index', '2018-10-04', '21:35:03'),
(214, 2, '181.199.32.2', 'admin_servicios', 'index', '2018-10-04', '21:35:10'),
(215, 2, '181.199.32.2', 'app', 'index', '2018-10-04', '21:35:15'),
(216, 2, '181.199.32.2', 'admin_servicios', 'index', '2018-10-04', '21:35:18'),
(217, NULL, '181.199.32.2', 'login', 'index', '2018-10-04', '21:36:06'),
(218, NULL, '181.199.32.2', 'login', 'index', '2018-10-04', '21:36:19'),
(219, 78, '181.199.32.2', 'login', 'index', '2018-10-04', '21:36:19'),
(220, 78, '181.199.32.2', 'principal', 'index', '2018-10-04', '21:36:19'),
(221, 78, '181.199.32.2', 'servicio', 'index', '2018-10-04', '21:36:24'),
(222, 78, '181.199.32.2', 'solicitudes', 'index', '2018-10-04', '21:36:26'),
(223, 78, '181.199.32.2', 'servicio', 'index', '2018-10-04', '21:36:43'),
(224, 78, '181.199.32.2', 'servicio', 'registrar_servicio', '2018-10-04', '21:37:31'),
(225, 78, '181.199.32.2', 'servicio', 'index', '2018-10-04', '21:37:31'),
(226, 78, '181.199.32.2', 'solicitudes', 'index', '2018-10-04', '21:37:34'),
(227, 2, '181.199.32.2', 'admin_servicios', 'index', '2018-10-04', '21:37:43'),
(228, 2, '181.199.32.2', 'admin_servicios', 'buscar_servicio_usuario', '2018-10-04', '21:37:50'),
(229, 78, '181.199.32.2', 'login', 'cerrar', '2018-10-04', '21:37:57'),
(230, NULL, '181.199.32.2', 'login', 'index', '2018-10-04', '21:37:58'),
(231, NULL, '181.199.32.2', 'login', 'index', '2018-10-04', '21:38:02'),
(232, NULL, '181.199.32.2', 'login', 'index', '2018-10-04', '21:38:14'),
(233, 2, '181.199.32.2', 'login', 'index', '2018-10-04', '21:38:15'),
(234, 2, '181.199.32.2', 'principal', 'index', '2018-10-04', '21:38:15'),
(235, 2, '181.199.32.2', 'admin_servicios', 'index', '2018-10-04', '21:38:19'),
(236, 2, '181.199.32.2', 'admin_servicios', 'buscar_servicio_usuario', '2018-10-04', '21:39:16'),
(237, 2, '181.199.32.2', 'admin_servicios', 'cambiar_estatus_servicio', '2018-10-04', '21:40:53'),
(238, 2, '181.199.32.2', 'admin_servicios', 'index', '2018-10-04', '21:40:54'),
(239, 2, '181.199.32.2', 'login', 'cerrar', '2018-10-04', '22:09:22'),
(240, NULL, '181.199.32.2', 'login', 'index', '2018-10-04', '22:09:22'),
(241, NULL, '181.199.32.2', 'login', 'index', '2018-10-04', '22:09:31'),
(242, 29, '181.199.32.2', 'login', 'index', '2018-10-04', '22:09:32'),
(243, 29, '181.199.32.2', 'principal', 'index', '2018-10-04', '22:09:32'),
(244, 29, '181.199.32.2', 'servicio', 'index', '2018-10-04', '22:09:40'),
(245, 29, '181.199.32.2', 'solicitudes', 'index', '2018-10-04', '22:09:48'),
(246, 29, '181.199.32.2', 'servicio', 'buscar_servicio_usuario', '2018-10-04', '22:09:54'),
(247, 29, '181.199.32.2', 'supervisor', 'index', '2018-10-04', '22:10:07'),
(248, 29, '181.199.32.2', 'pdf', 'reporte_x_empresa', '2018-10-04', '22:10:14'),
(249, 29, '181.199.32.2', 'login', 'cerrar', '2018-10-04', '22:10:29'),
(250, NULL, '181.199.32.2', 'login', 'index', '2018-10-04', '22:10:29'),
(251, NULL, '181.199.32.2', 'login', 'index', '2018-10-04', '22:10:36'),
(252, 78, '181.199.32.2', 'login', 'index', '2018-10-04', '22:10:36'),
(253, 78, '181.199.32.2', 'principal', 'index', '2018-10-04', '22:10:37'),
(254, 78, '181.199.32.2', 'supervisor', 'index', '2018-10-04', '22:10:58'),
(255, 78, '181.199.32.2', 'admin_servicios', 'buscar_servicio_solucionado', '2018-10-04', '22:11:16'),
(256, 78, '181.199.32.2', 'pdf', 'reporte_x_empresa', '2018-10-04', '22:11:51'),
(257, 78, '181.199.32.2', 'login', 'cerrar', '2018-10-04', '22:16:25'),
(258, NULL, '181.199.32.2', 'login', 'index', '2018-10-04', '22:16:26'),
(259, 2, '181.199.32.2', 'admin_servicios', 'index', '2018-10-04', '22:16:37'),
(260, 2, '181.199.32.2', 'servicio', 'index', '2018-10-04', '22:16:45'),
(261, 2, '181.199.32.2', 'servicio', 'registrar_servicio', '2018-10-04', '22:18:57'),
(262, 2, '181.199.32.2', 'servicio', 'index', '2018-10-04', '22:18:58'),
(263, NULL, '186.46.62.21', 'login', 'index', '2018-10-05', '09:58:05'),
(264, NULL, '186.46.62.21', 'login', 'index', '2018-10-05', '11:32:52'),
(265, NULL, '186.46.62.21', 'login', 'index', '2018-10-05', '11:33:07'),
(266, 2, '186.46.62.21', 'login', 'index', '2018-10-05', '11:33:07'),
(267, 2, '186.46.62.21', 'principal', 'index', '2018-10-05', '11:33:08'),
(268, 2, '186.46.62.21', 'servicio', 'index', '2018-10-05', '11:33:23'),
(269, 2, '186.46.62.21', 'admin_servicios', 'index', '2018-10-05', '11:34:44'),
(270, 2, '186.46.62.21', 'login', 'cerrar', '2018-10-05', '11:35:02'),
(271, NULL, '186.46.62.21', 'login', 'cerrar', '2018-10-05', '11:35:09'),
(272, NULL, '186.46.62.21', 'login', 'index', '2018-10-05', '11:35:09'),
(273, NULL, '186.46.62.21', 'login', 'cerrar', '2018-10-05', '11:35:10'),
(274, NULL, '186.46.62.21', 'login', 'index', '2018-10-05', '11:35:11'),
(275, NULL, '186.46.62.21', 'login', 'index', '2018-10-05', '11:35:27'),
(276, 19, '186.46.62.21', 'login', 'index', '2018-10-05', '11:35:27'),
(277, 19, '186.46.62.21', 'principal', 'index', '2018-10-05', '11:35:27'),
(278, 19, '186.46.62.21', 'supervisor', 'index', '2018-10-05', '11:35:32'),
(279, 19, '186.46.62.21', 'admin_servicios', 'buscar_servicio_solucionado', '2018-10-05', '11:35:51'),
(280, 19, '186.46.62.21', 'pdf', 'reporte_x_empresa', '2018-10-05', '11:36:09'),
(281, 19, '186.46.62.21', 'login', 'cerrar', '2018-10-05', '11:41:06'),
(282, NULL, '186.46.62.21', 'login', 'index', '2018-10-05', '11:41:07'),
(283, NULL, '186.46.62.21', 'principal', 'index', '2018-10-05', '12:16:17'),
(284, NULL, '186.46.62.21', 'login', 'index', '2018-10-05', '12:16:17'),
(285, NULL, '186.46.62.21', 'login', 'index', '2018-10-05', '12:16:39'),
(286, 2, '186.46.62.21', 'login', 'index', '2018-10-05', '12:16:41'),
(287, 2, '186.46.62.21', 'principal', 'index', '2018-10-05', '12:16:42'),
(288, 2, '186.46.62.21', 'admin_servicios', 'index', '2018-10-05', '12:16:50'),
(289, 2, '186.46.62.21', 'servicio', 'index', '2018-10-05', '12:17:04'),
(290, 2, '186.46.62.21', 'solicitudes', 'index', '2018-10-05', '12:18:05'),
(291, 2, '186.46.62.21', 'admin_servicios', 'index', '2018-10-05', '12:18:12'),
(292, 2, '186.46.62.21', 'admin_servicios', 'index', '2018-10-05', '12:18:54'),
(293, NULL, '181.199.32.2', 'login', 'index', '2018-10-05', '12:41:02'),
(294, NULL, '181.199.32.2', 'login', 'index', '2018-10-05', '12:45:17'),
(295, NULL, '181.199.32.2', 'login', 'index', '2018-10-05', '12:46:22'),
(296, 1, '181.199.32.2', 'login', 'index', '2018-10-05', '12:46:23'),
(297, 1, '181.199.32.2', 'principal', 'index', '2018-10-05', '12:46:27'),
(298, 1, '181.199.32.2', 'servicio', 'index', '2018-10-05', '12:46:46'),
(299, 1, '181.199.32.2', 'servicio', 'registrar_servicio', '2018-10-05', '12:47:02'),
(300, 1, '181.199.32.2', 'servicio', 'index', '2018-10-05', '12:47:02'),
(301, 1, '181.199.32.2', 'solicitudes', 'index', '2018-10-05', '12:47:08'),
(302, 1, '181.199.32.2', 'admin_servicios', 'index', '2018-10-05', '12:47:10'),
(303, 2, '190.63.255.2', 'servicio', 'index', '2018-10-05', '14:15:33'),
(304, 2, '190.63.255.2', 'admin_servicios', 'index', '2018-10-05', '14:16:51'),
(305, 2, '190.63.255.2', 'admin_servicios', 'index', '2018-10-05', '14:17:09'),
(306, 2, '190.63.255.2', 'admin_servicios', 'index', '2018-10-05', '14:17:24'),
(307, 1, '181.199.32.2', 'login', 'index', '2018-10-05', '14:40:49'),
(308, 1, '181.199.32.2', 'principal', 'index', '2018-10-05', '14:40:49'),
(309, 1, '181.199.32.2', 'admin_servicios', 'index', '2018-10-05', '14:40:59'),
(310, 1, '181.199.32.2', 'servicio', 'index', '2018-10-05', '14:41:45'),
(311, 1, '181.199.32.2', 'servicio', 'registrar_servicio', '2018-10-05', '14:41:56'),
(312, 1, '181.199.32.2', 'servicio', 'index', '2018-10-05', '14:41:57'),
(313, 1, '181.199.32.2', 'admin_servicios', 'index', '2018-10-05', '14:42:02'),
(314, 2, '190.63.255.2', 'admin_servicios', 'index', '2018-10-05', '15:03:42'),
(315, 2, '190.63.255.2', 'solicitudes', 'index', '2018-10-05', '15:03:51'),
(316, 2, '190.63.255.2', 'servicio', 'index', '2018-10-05', '15:04:04'),
(317, 2, '190.63.255.2', 'solicitudes', 'index', '2018-10-05', '15:05:23'),
(318, 2, '190.63.255.2', 'admin_servicios', 'index', '2018-10-05', '15:05:33'),
(319, NULL, '190.63.255.2', 'login', 'index', '2018-10-05', '15:08:17'),
(320, NULL, '190.63.255.2', 'login', 'index', '2018-10-05', '15:08:32'),
(321, 2, '190.63.255.2', 'login', 'index', '2018-10-05', '15:08:33'),
(322, 2, '190.63.255.2', 'principal', 'index', '2018-10-05', '15:08:34'),
(323, 2, '190.63.255.2', 'admin_servicios', 'index', '2018-10-05', '15:08:42'),
(324, 2, '190.63.255.2', 'servicio', 'index', '2018-10-05', '15:08:52'),
(325, 2, '190.63.255.2', 'servicio', 'index', '2018-10-05', '15:09:31'),
(326, 2, '190.63.255.2', 'solicitudes', 'index', '2018-10-05', '15:09:36'),
(327, 2, '190.63.255.2', 'admin_servicios', 'index', '2018-10-05', '15:09:42'),
(328, NULL, '181.199.32.2', 'principal', 'index', '2018-10-05', '17:56:47'),
(329, NULL, '181.199.32.2', 'login', 'index', '2018-10-05', '17:56:48'),
(330, NULL, '181.199.32.2', 'login', 'index', '2018-10-05', '17:56:58'),
(331, NULL, '181.199.32.2', 'admin_servicios', 'index', '2018-10-05', '17:57:08'),
(332, NULL, '181.199.32.2', 'login', 'index', '2018-10-05', '17:57:09'),
(333, 2, '181.199.32.2', 'login', 'index', '2018-10-05', '17:57:10'),
(334, 2, '181.199.32.2', 'principal', 'index', '2018-10-05', '17:57:10'),
(335, NULL, '181.199.32.2', 'login', 'index', '2018-10-05', '17:57:30'),
(336, 2, '181.199.32.2', 'login', 'index', '2018-10-05', '17:57:30'),
(337, 2, '181.199.32.2', 'principal', 'index', '2018-10-05', '17:57:31'),
(338, 2, '181.199.32.2', 'servicio', 'index', '2018-10-05', '17:57:35'),
(339, 2, '181.199.32.2', 'admin_servicios', 'index', '2018-10-05', '17:57:41'),
(340, 2, '181.199.32.2', 'admin_servicios', 'index', '2018-10-05', '17:59:09'),
(341, 2, '181.199.32.2', 'admin_servicios', 'index', '2018-10-05', '17:59:13'),
(342, 2, '181.199.32.2', 'admin_servicios', 'index', '2018-10-05', '17:59:49'),
(343, 2, '181.199.32.2', 'servicio', 'index', '2018-10-05', '17:59:57'),
(344, 2, '181.199.32.2', 'servicio', 'index', '2018-10-05', '18:01:00'),
(345, 2, '181.199.32.2', 'servicio', 'index', '2018-10-05', '18:01:03'),
(346, 2, '181.199.32.2', 'admin_servicios', 'index', '2018-10-05', '18:01:06'),
(347, 2, '181.199.32.2', 'servicio', 'index', '2018-10-05', '18:01:18'),
(348, 2, '181.199.32.2', 'servicio', 'registrar_servicio', '2018-10-05', '18:02:23'),
(349, 2, '181.199.32.2', 'servicio', 'index', '2018-10-05', '18:02:24'),
(350, 2, '181.199.32.2', 'servicio', 'index', '2018-10-05', '18:02:27'),
(351, 2, '181.199.32.2', 'admin_servicios', 'index', '2018-10-05', '18:02:31'),
(352, 2, '181.199.32.2', 'admin_servicios', 'index', '2018-10-05', '18:02:41'),
(353, 2, '181.199.32.2', 'admin_servicios', 'buscar_servicio_usuario', '2018-10-05', '18:02:44'),
(354, 2, '181.199.32.2', 'admin_servicios', 'cambiar_estatus_servicio', '2018-10-05', '18:04:19'),
(355, 2, '181.199.32.2', 'admin_servicios', 'index', '2018-10-05', '18:04:19'),
(356, 2, '181.199.32.2', 'admin_servicios', 'index', '2018-10-05', '18:04:26'),
(357, 2, '181.199.32.2', 'admin_servicios', 'index', '2018-10-05', '18:04:53'),
(358, 2, '181.199.32.2', 'admin_servicios', 'buscar_servicio_solucionado', '2018-10-05', '18:05:03'),
(359, 2, '181.199.32.2', 'admin_servicios', 'index', '2018-10-05', '18:05:13'),
(360, 2, '181.199.32.2', 'admin_servicios', 'editar_servicio_s', '2018-10-05', '18:05:21'),
(361, 2, '181.199.32.2', 'admin_servicios', 'modificar_solucion_servicio', '2018-10-05', '18:05:28'),
(362, 2, '181.199.32.2', 'admin_servicios', 'index', '2018-10-05', '18:05:38'),
(363, 2, '181.199.32.2', 'admin_servicios', 'buscar_servicio_solucionado', '2018-10-05', '18:05:41'),
(364, 2, '181.199.32.2', 'admin_servicios', 'index', '2018-10-05', '18:05:47'),
(365, 2, '181.199.32.2', 'login', 'cerrar', '2018-10-05', '18:06:43'),
(366, NULL, '181.199.32.2', 'login', 'index', '2018-10-05', '18:06:44'),
(367, NULL, '181.199.32.2', 'login', 'index', '2018-10-05', '18:06:52'),
(368, 19, '181.199.32.2', 'login', 'index', '2018-10-05', '18:06:53'),
(369, 19, '181.199.32.2', 'principal', 'index', '2018-10-05', '18:06:53'),
(370, 19, '181.199.32.2', 'supervisor', 'index', '2018-10-05', '18:06:58'),
(371, 19, '181.199.32.2', 'pdf', 'reporte_x_empresa', '2018-10-05', '18:07:45'),
(372, NULL, '181.199.32.2', 'principal', 'index', '2018-10-05', '19:56:41'),
(373, NULL, '181.199.32.2', 'login', 'index', '2018-10-05', '19:56:42'),
(374, NULL, '181.199.32.2', 'principal', 'index', '2018-10-05', '19:56:45'),
(375, NULL, '181.199.32.2', 'login', 'index', '2018-10-05', '19:56:47'),
(376, NULL, '181.199.32.2', 'servicio', 'index', '2018-10-06', '09:27:39'),
(377, NULL, '181.199.32.2', 'login', 'index', '2018-10-06', '09:27:39'),
(378, NULL, '186.46.62.21', 'login', 'index', '2018-10-06', '10:05:24'),
(379, NULL, '181.199.32.2', 'principal', 'index', '2018-10-06', '16:02:14'),
(380, NULL, '181.199.32.2', 'login', 'index', '2018-10-06', '16:02:15'),
(381, NULL, '181.199.32.2', 'principal', 'index', '2018-10-06', '16:02:18'),
(382, NULL, '181.199.32.2', 'login', 'index', '2018-10-06', '16:02:18'),
(383, 2, '181.199.32.2', 'servicio', 'index', '2018-10-06', '16:09:50'),
(384, 2, '181.199.32.2', 'servicio', 'registrar_servicio', '2018-10-06', '16:10:59'),
(385, 2, '181.199.32.2', 'servicio', 'index', '2018-10-06', '16:11:01'),
(386, 2, '181.199.32.2', 'admin_servicios', 'index', '2018-10-06', '16:12:56'),
(387, 2, '181.199.32.2', 'admin_servicios', 'buscar_servicio_usuario', '2018-10-06', '16:12:59'),
(388, 2, '181.199.32.2', 'admin_servicios', 'cambiar_estatus_servicio', '2018-10-06', '16:13:25'),
(389, 2, '181.199.32.2', 'admin_servicios', 'index', '2018-10-06', '16:13:26'),
(390, 2, '181.199.32.2', 'admin_servicios', 'buscar_servicio_solucionado', '2018-10-06', '16:13:32'),
(391, NULL, '181.199.32.2', 'login', 'index', '2018-10-08', '13:16:46'),
(392, NULL, '184.154.36.1', 'login', 'index', '2018-10-08', '17:17:12'),
(393, NULL, '181.199.32.2', 'login', 'index', '2018-10-09', '08:50:07'),
(394, NULL, '181.199.32.2', 'login', 'index', '2018-10-09', '08:50:17'),
(395, 2, '181.199.32.2', 'login', 'index', '2018-10-09', '08:50:18'),
(396, 2, '181.199.32.2', 'principal', 'index', '2018-10-09', '08:50:19'),
(397, 2, '181.199.32.2', 'servicio', 'index', '2018-10-09', '08:59:28'),
(398, 2, '181.199.32.2', 'servicio', 'registrar_servicio', '2018-10-09', '09:00:31'),
(399, 2, '181.199.32.2', 'servicio', 'index', '2018-10-09', '09:00:32'),
(400, 2, '181.199.32.2', 'servicio', 'registrar_servicio', '2018-10-09', '09:01:18'),
(401, 2, '181.199.32.2', 'servicio', 'index', '2018-10-09', '09:01:18'),
(402, 2, '181.199.32.2', 'servicio', 'registrar_servicio', '2018-10-09', '09:02:18'),
(403, 2, '181.199.32.2', 'servicio', 'index', '2018-10-09', '09:02:18'),
(404, 2, '181.199.32.2', 'admin_servicios', 'index', '2018-10-09', '09:02:57'),
(405, 2, '181.199.32.2', 'admin_servicios', 'buscar_servicio_solucionado', '2018-10-09', '09:03:05'),
(406, 2, '181.199.32.2', 'admin_servicios', 'buscar_servicio_usuario', '2018-10-09', '09:03:18'),
(407, 2, '181.199.32.2', 'admin_servicios', 'cambiar_estatus_servicio', '2018-10-09', '09:04:34'),
(408, 2, '181.199.32.2', 'admin_servicios', 'index', '2018-10-09', '09:04:35'),
(409, 2, '181.199.32.2', 'admin_servicios', 'buscar_servicio_usuario', '2018-10-09', '09:04:45'),
(410, 2, '181.199.32.2', 'admin_servicios', 'cambiar_estatus_servicio', '2018-10-09', '09:05:54'),
(411, 2, '181.199.32.2', 'admin_servicios', 'index', '2018-10-09', '09:05:55'),
(412, 2, '181.199.32.2', 'admin_servicios', 'buscar_servicio_usuario', '2018-10-09', '09:09:51'),
(413, 2, '181.199.32.2', 'admin_servicios', 'cambiar_estatus_servicio', '2018-10-09', '09:10:47'),
(414, 2, '181.199.32.2', 'admin_servicios', 'index', '2018-10-09', '09:10:48'),
(415, 2, '181.199.32.2', 'admin_servicios', 'buscar_servicios_solucionados', '2018-10-09', '09:11:17'),
(416, 2, '181.199.32.2', 'admin_servicios', 'buscar_servicios_solucionados', '2018-10-09', '09:11:17'),
(417, 2, '181.199.32.2', 'admin_servicios', 'buscar_servicios_solucionados', '2018-10-09', '09:11:17'),
(418, 2, '181.199.32.2', 'admin_servicios', 'buscar_servicios_solucionados', '2018-10-09', '09:11:17'),
(419, 2, '181.199.32.2', 'admin_servicios', 'buscar_servicios_solucionados', '2018-10-09', '09:11:18'),
(420, 2, '181.199.32.2', 'admin_servicios', 'buscar_servicios_solucionados', '2018-10-09', '09:11:18'),
(421, 2, '181.199.32.2', 'admin_servicios', 'buscar_servicios_solucionados', '2018-10-09', '09:11:18'),
(422, 2, '181.199.32.2', 'admin_servicios', 'buscar_servicios_solucionados', '2018-10-09', '09:11:18'),
(423, 2, '181.199.32.2', 'admin_servicios', 'buscar_servicios_solucionados', '2018-10-09', '09:11:18'),
(424, 2, '181.199.32.2', 'admin_servicios', 'editar_servicio_s', '2018-10-09', '09:11:22'),
(425, 2, '181.199.32.2', 'admin_servicios', 'modificar_solucion_servicio', '2018-10-09', '09:11:29'),
(426, 2, '181.199.32.2', 'admin_servicios', 'buscar_servicios_solucionados', '2018-10-09', '09:11:33'),
(427, 2, '181.199.32.2', 'admin_servicios', 'buscar_servicios_solucionados', '2018-10-09', '09:11:33'),
(428, 2, '181.199.32.2', 'admin_servicios', 'index', '2018-10-09', '09:11:44'),
(429, 2, '181.199.32.2', 'admin_servicios', 'buscar_servicio_solucionado', '2018-10-09', '09:11:50'),
(430, 2, '181.199.32.2', 'admin_servicios', 'buscar_servicio_solucionado', '2018-10-09', '09:11:54'),
(431, 2, '181.199.32.2', 'solicitudes', 'index', '2018-10-09', '09:12:01'),
(432, 2, '181.199.32.2', 'servicio', 'index', '2018-10-09', '09:12:05'),
(433, 2, '181.199.32.2', 'servicio', 'registrar_servicio', '2018-10-09', '09:12:36'),
(434, 2, '181.199.32.2', 'servicio', 'index', '2018-10-09', '09:12:36'),
(435, 2, '181.199.32.2', 'admin_servicios', 'index', '2018-10-09', '09:12:42'),
(436, 2, '181.199.32.2', 'admin_servicios', 'buscar_servicio_usuario', '2018-10-09', '09:12:45'),
(437, 2, '181.199.32.2', 'admin_servicios', 'cambiar_estatus_servicio', '2018-10-09', '09:15:42'),
(438, 2, '181.199.32.2', 'admin_servicios', 'index', '2018-10-09', '09:15:43'),
(439, NULL, '186.46.62.21', 'login', 'index', '2018-10-09', '09:47:28'),
(440, NULL, '178.154.244.', 'login', 'index', '2018-10-09', '09:50:23'),
(441, NULL, '138.197.7.52', 'login', 'index', '2018-10-09', '15:40:40'),
(442, NULL, '181.199.32.2', 'principal', 'index', '2018-10-09', '16:33:08'),
(443, NULL, '181.199.32.2', 'login', 'index', '2018-10-09', '16:33:09'),
(444, NULL, '181.199.32.2', 'login', 'index', '2018-10-09', '16:33:18'),
(445, NULL, '181.199.32.2', 'login', 'index', '2018-10-09', '16:33:28'),
(446, 2, '181.199.32.2', 'login', 'index', '2018-10-09', '16:33:29'),
(447, 2, '181.199.32.2', 'principal', 'index', '2018-10-09', '16:33:29'),
(448, 2, '181.199.32.2', 'admin_servicios', 'index', '2018-10-09', '16:33:34'),
(449, 2, '181.199.32.2', 'servicio', 'index', '2018-10-09', '16:33:54'),
(450, 2, '181.199.32.2', 'servicio', 'registrar_servicio', '2018-10-09', '16:34:39'),
(451, 2, '181.199.32.2', 'servicio', 'index', '2018-10-09', '16:34:39'),
(452, 2, '181.199.32.2', 'admin_servicios', 'index', '2018-10-09', '16:34:43'),
(453, 2, '181.199.32.2', 'admin_servicios', 'buscar_servicio_usuario', '2018-10-09', '16:34:50'),
(454, 2, '181.199.32.2', 'login', 'cerrar', '2018-10-09', '16:35:02'),
(455, NULL, '181.199.32.2', 'login', 'index', '2018-10-09', '16:35:02'),
(456, NULL, '181.199.32.2', 'login', 'index', '2018-10-09', '16:35:11'),
(457, 29, '181.199.32.2', 'login', 'index', '2018-10-09', '16:35:11'),
(458, 29, '181.199.32.2', 'principal', 'index', '2018-10-09', '16:35:11'),
(459, 29, '181.199.32.2', 'supervisor', 'index', '2018-10-09', '16:35:39'),
(460, 29, '181.199.32.2', 'pdf', 'reporte_x_empresa', '2018-10-09', '16:35:43'),
(461, 29, '181.199.32.2', 'pdf', 'reporte_x_empresa_s', '2018-10-09', '16:36:01'),
(462, 29, '181.199.32.2', 'principal', 'index', '2018-10-09', '16:38:48'),
(463, 29, '181.199.32.2', 'supervisor', 'index', '2018-10-09', '16:38:56'),
(464, 29, '181.199.32.2', 'admin_servicios', 'buscar_servicio_solucionado', '2018-10-09', '16:39:20'),
(465, 29, '181.199.32.2', 'admin_servicios', 'buscar_servicio_solucionado', '2018-10-09', '16:39:38'),
(466, 29, '181.199.32.2', 'admin_servicios', 'buscar_servicio_solucionado', '2018-10-09', '16:39:42'),
(467, 29, '181.199.32.2', 'admin_servicios', 'buscar_servicio_solucionado', '2018-10-09', '16:39:45'),
(468, 29, '181.199.32.2', 'admin_servicios', 'buscar_servicio_solucionado', '2018-10-09', '16:39:50'),
(469, 29, '181.199.32.2', 'login', 'cerrar', '2018-10-09', '16:39:55'),
(470, NULL, '181.199.32.2', 'login', 'index', '2018-10-09', '16:39:56'),
(471, NULL, '181.199.32.2', 'login', 'index', '2018-10-09', '16:40:02'),
(472, 78, '181.199.32.2', 'login', 'index', '2018-10-09', '16:40:02'),
(473, 78, '181.199.32.2', 'principal', 'index', '2018-10-09', '16:40:03'),
(474, 78, '181.199.32.2', 'supervisor', 'index', '2018-10-09', '16:40:06'),
(475, 78, '181.199.32.2', 'pdf', 'reporte_x_empresa', '2018-10-09', '16:40:09'),
(476, 78, '181.199.32.2', 'pdf', 'reporte_x_empresa_s', '2018-10-09', '16:41:35'),
(477, NULL, '181.199.32.2', 'login', 'index', '2018-10-09', '17:00:28'),
(478, NULL, '181.199.32.2', 'login', 'index', '2018-10-09', '17:00:38'),
(479, 1, '181.199.32.2', 'login', 'index', '2018-10-09', '17:00:39'),
(480, 1, '181.199.32.2', 'principal', 'index', '2018-10-09', '17:00:39'),
(481, 1, '181.199.32.2', 'solicitudes', 'index', '2018-10-09', '17:00:45'),
(482, 1, '181.199.32.2', 'supervisor', 'index', '2018-10-09', '17:00:49'),
(483, 1, '181.199.32.2', 'supervisor', 'index', '2018-10-09', '17:01:22'),
(484, NULL, '181.199.32.2', 'supervisor', 'index', '2018-10-09', '17:03:33'),
(485, NULL, '181.199.32.2', 'login', 'index', '2018-10-09', '17:03:33'),
(486, 1, '181.199.32.2', 'supervisor', 'index', '2018-10-09', '17:04:05'),
(487, 2, '181.199.32.2', 'admin_servicios', 'index', '2018-10-09', '19:19:11'),
(488, 2, '181.199.32.2', 'admin_servicios', 'buscar_servicio_usuario', '2018-10-09', '19:19:14'),
(489, 2, '181.199.32.2', 'admin_servicios', 'cambiar_estatus_servicio', '2018-10-09', '19:23:38'),
(490, 2, '181.199.32.2', 'admin_servicios', 'index', '2018-10-09', '19:23:39'),
(491, 2, '181.199.32.2', 'admin_servicios', 'buscar_servicio_usuario', '2018-10-09', '19:24:59'),
(492, NULL, '181.199.32.2', 'login', 'index', '2018-10-10', '07:41:30'),
(493, NULL, '181.199.32.2', 'login', 'index', '2018-10-10', '07:41:37'),
(494, NULL, '181.199.32.2', 'login', 'index', '2018-10-10', '07:41:47'),
(495, 2, '181.199.32.2', 'login', 'index', '2018-10-10', '07:41:47'),
(496, 2, '181.199.32.2', 'principal', 'index', '2018-10-10', '07:41:47'),
(497, 2, '181.199.32.2', 'servicio', 'index', '2018-10-10', '07:41:56'),
(498, 2, '181.199.32.2', 'servicio', 'registrar_servicio', '2018-10-10', '07:43:42'),
(499, 2, '181.199.32.2', 'servicio', 'index', '2018-10-10', '07:43:45'),
(500, 2, '181.199.32.2', 'admin_servicios', 'index', '2018-10-10', '07:44:09'),
(501, 2, '181.199.32.2', 'admin_servicios', 'buscar_servicio_usuario', '2018-10-10', '07:44:46'),
(502, 2, '181.199.32.2', 'admin_servicios', 'cambiar_estatus_servicio', '2018-10-10', '07:53:32'),
(503, 2, '181.199.32.2', 'admin_servicios', 'index', '2018-10-10', '07:53:32'),
(504, 2, '181.199.32.2', 'admin_servicios', 'buscar_servicio_usuario', '2018-10-10', '07:53:37'),
(505, 2, '181.199.32.2', 'admin_servicios', 'cambiar_estatus_servicio', '2018-10-10', '07:57:17'),
(506, 2, '181.199.32.2', 'admin_servicios', 'index', '2018-10-10', '07:57:18'),
(507, 2, '181.199.32.2', 'admin_servicios', 'eliminar_servicio_pendiente', '2018-10-10', '07:57:24'),
(508, 2, '181.199.32.2', 'admin_servicios', 'index', '2018-10-10', '07:57:27'),
(509, 2, '181.199.32.2', 'supervisor', 'index', '2018-10-10', '07:57:34'),
(510, 2, '181.199.32.2', 'login', 'cerrar', '2018-10-10', '07:57:45'),
(511, NULL, '181.199.32.2', 'login', 'index', '2018-10-10', '07:57:45'),
(512, NULL, '181.199.32.2', 'login', 'index', '2018-10-10', '07:57:54'),
(513, 29, '181.199.32.2', 'login', 'index', '2018-10-10', '07:57:54'),
(514, 29, '181.199.32.2', 'principal', 'index', '2018-10-10', '07:57:55'),
(515, 29, '181.199.32.2', 'supervisor', 'index', '2018-10-10', '07:58:04'),
(516, 29, '181.199.32.2', 'pdf', 'reporte_x_empresa', '2018-10-10', '07:58:25'),
(517, 29, '181.199.32.2', 'pdf', 'reporte_x_empresa_s', '2018-10-10', '07:58:43'),
(518, 29, '181.199.32.2', 'login', 'index', '2018-10-10', '07:59:01'),
(519, 29, '181.199.32.2', 'principal', 'index', '2018-10-10', '07:59:02'),
(520, 29, '181.199.32.2', 'login', 'cerrar', '2018-10-10', '07:59:16'),
(521, NULL, '181.199.32.2', 'login', 'index', '2018-10-10', '07:59:16'),
(522, NULL, '181.199.32.2', 'login', 'index', '2018-10-10', '07:59:24'),
(523, 78, '181.199.32.2', 'login', 'index', '2018-10-10', '07:59:24'),
(524, 78, '181.199.32.2', 'principal', 'index', '2018-10-10', '07:59:24'),
(525, 78, '181.199.32.2', 'supervisor', 'index', '2018-10-10', '07:59:33'),
(526, 78, '181.199.32.2', 'pdf', 'reporte_x_empresa', '2018-10-10', '07:59:49'),
(527, 78, '181.199.32.2', 'pdf', 'reporte_x_empresa_s', '2018-10-10', '08:00:27'),
(528, 78, '181.199.32.2', 'supervisor', 'index', '2018-10-10', '08:00:39'),
(529, 78, '181.199.32.2', 'pdf', 'reporte_x_empresa', '2018-10-10', '08:00:48'),
(530, 78, '181.199.32.2', 'pdf', 'reporte_x_empresa_s', '2018-10-10', '08:00:51'),
(531, 78, '181.199.32.2', 'supervisor', 'index', '2018-10-10', '08:00:54'),
(532, 78, '181.199.32.2', 'login', 'cerrar', '2018-10-10', '08:01:32'),
(533, NULL, '181.199.32.2', 'login', 'index', '2018-10-10', '08:01:32'),
(534, NULL, '181.199.32.2', 'login', 'index', '2018-10-10', '08:01:40'),
(535, 19, '181.199.32.2', 'login', 'index', '2018-10-10', '08:01:41'),
(536, 19, '181.199.32.2', 'principal', 'index', '2018-10-10', '08:01:41'),
(537, 19, '181.199.32.2', 'supervisor', 'index', '2018-10-10', '08:01:46'),
(538, 19, '181.199.32.2', 'pdf', 'reporte_x_empresa', '2018-10-10', '08:01:58'),
(539, 19, '181.199.32.2', 'pdf', 'reporte_x_empresa', '2018-10-10', '08:02:23'),
(540, 19, '181.199.32.2', 'supervisor', 'buscar_x_fecha', '2018-10-10', '08:02:33'),
(541, 19, '181.199.32.2', 'pdf', 'reporte_x_empresa', '2018-10-10', '08:02:38'),
(542, 19, '181.199.32.2', 'supervisor', 'buscar_x_fecha', '2018-10-10', '08:02:51'),
(543, NULL, '181.199.32.2', 'principal', 'index', '2018-10-10', '08:02:52'),
(544, 19, '181.199.32.2', 'supervisor', 'buscar_x_fecha', '2018-10-10', '08:02:52'),
(545, NULL, '181.199.32.2', 'login', 'index', '2018-10-10', '08:02:53'),
(546, 19, '181.199.32.2', 'supervisor', 'buscar_x_fecha', '2018-10-10', '08:02:53'),
(547, 19, '181.199.32.2', 'supervisor', 'index', '2018-10-10', '08:02:55'),
(548, 19, '181.199.32.2', 'supervisor', 'buscar_x_fecha', '2018-10-10', '08:03:03'),
(549, 19, '181.199.32.2', 'supervisor', 'buscar_x_fecha', '2018-10-10', '08:03:05'),
(550, 19, '181.199.32.2', 'supervisor', 'buscar_x_fecha', '2018-10-10', '08:03:06'),
(551, 19, '181.199.32.2', 'supervisor', 'buscar_x_fecha', '2018-10-10', '08:03:06'),
(552, 19, '181.199.32.2', 'supervisor', 'buscar_x_fecha', '2018-10-10', '08:03:06'),
(553, NULL, '186.46.62.21', 'login', 'index', '2018-10-10', '09:42:04'),
(554, NULL, '83.71.247.36', 'login', 'index', '2018-10-10', '19:18:49'),
(555, NULL, '190.63.18.14', 'login', 'index', '2018-10-11', '08:35:27'),
(556, NULL, '190.63.18.14', 'principal', 'index', '2018-10-11', '08:35:27'),
(557, NULL, '190.63.18.14', 'login', 'index', '2018-10-11', '08:36:07'),
(558, 29, '190.63.18.14', 'login', 'index', '2018-10-11', '08:36:07'),
(559, 29, '190.63.18.14', 'principal', 'index', '2018-10-11', '08:36:08'),
(560, 29, '190.63.18.14', 'servicio', 'index', '2018-10-11', '08:36:18'),
(561, 29, '190.63.18.14', 'solicitudes', 'index', '2018-10-11', '08:36:24'),
(562, 29, '190.63.18.14', 'supervisor', 'index', '2018-10-11', '08:38:12'),
(563, 29, '190.63.18.14', 'supervisor', 'buscar_x_fecha', '2018-10-11', '08:38:31'),
(564, 29, '190.63.18.14', 'supervisor', 'buscar_x_fecha', '2018-10-11', '08:38:48'),
(565, 29, '190.63.18.14', 'supervisor', 'buscar_x_fecha', '2018-10-11', '08:38:49'),
(566, 29, '190.63.18.14', 'supervisor', 'buscar_x_fecha', '2018-10-11', '08:38:50'),
(567, NULL, '190.63.18.14', 'login', 'index', '2018-10-11', '08:39:20'),
(568, NULL, '190.63.18.14', 'login', 'index', '2018-10-11', '08:39:28'),
(569, NULL, '190.63.18.14', 'login', 'index', '2018-10-11', '08:39:33'),
(570, 29, '190.63.18.14', 'login', 'index', '2018-10-11', '08:39:33'),
(571, 29, '190.63.18.14', 'principal', 'index', '2018-10-11', '08:39:34'),
(572, 29, '190.63.18.14', 'solicitudes', 'index', '2018-10-11', '08:39:39'),
(573, 29, '190.63.18.14', 'supervisor', 'index', '2018-10-11', '08:39:42'),
(574, 29, '190.63.18.14', 'supervisor', 'buscar_x_fecha', '2018-10-11', '08:39:50'),
(575, 29, '190.63.18.14', 'pdf', 'reporte_x_empresa', '2018-10-11', '08:40:06'),
(576, 29, '190.63.18.14', 'login', 'cerrar', '2018-10-11', '08:40:34'),
(577, NULL, '190.63.18.14', 'login', 'index', '2018-10-11', '08:40:34'),
(578, NULL, '190.63.18.14', 'login', 'index', '2018-10-11', '08:40:40'),
(579, NULL, '190.63.18.14', 'login', 'index', '2018-10-11', '08:40:50'),
(580, 2, '190.63.18.14', 'login', 'index', '2018-10-11', '08:40:50'),
(581, 2, '190.63.18.14', 'principal', 'index', '2018-10-11', '08:40:51'),
(582, 2, '190.63.18.14', 'admin_servicios', 'index', '2018-10-11', '08:40:54'),
(583, 2, '190.63.18.14', 'admin_servicios', 'buscar_servicios_solucionados', '2018-10-11', '08:41:01'),
(584, 2, '190.63.18.14', 'admin_servicios', 'buscar_servicios_solucionados', '2018-10-11', '08:41:01'),
(585, 2, '190.63.18.14', 'admin_servicios', 'buscar_servicios_solucionados', '2018-10-11', '08:41:02'),
(586, 2, '190.63.18.14', 'admin_servicios', 'buscar_servicios_solucionados', '2018-10-11', '08:41:02'),
(587, 2, '190.63.18.14', 'admin_servicios', 'buscar_servicios_solucionados', '2018-10-11', '08:41:12'),
(588, 2, '190.63.18.14', 'admin_servicios', 'buscar_servicios_solucionados', '2018-10-11', '08:41:12'),
(589, 2, '190.63.18.14', 'admin_servicios', 'buscar_servicios_solucionados', '2018-10-11', '08:41:12'),
(590, 2, '190.63.18.14', 'admin_servicios', 'index', '2018-10-11', '08:41:14'),
(591, 2, '190.63.18.14', 'admin_servicios', 'eliminar_solucion_servicio', '2018-10-11', '08:41:34'),
(592, 2, '190.63.18.14', 'admin_servicios', 'index', '2018-10-11', '08:41:36'),
(593, 2, '190.63.18.14', 'login', 'cerrar', '2018-10-11', '08:41:40'),
(594, NULL, '190.63.18.14', 'login', 'index', '2018-10-11', '08:41:42'),
(595, NULL, '190.63.18.14', 'login', 'index', '2018-10-11', '08:41:49'),
(596, 29, '190.63.18.14', 'login', 'index', '2018-10-11', '08:41:49'),
(597, 29, '190.63.18.14', 'principal', 'index', '2018-10-11', '08:41:49'),
(598, 29, '190.63.18.14', 'supervisor', 'index', '2018-10-11', '08:41:54'),
(599, 29, '190.63.18.14', 'supervisor', 'buscar_x_fecha', '2018-10-11', '08:42:01'),
(600, 29, '190.63.18.14', 'pdf', 'reporte_x_empresa', '2018-10-11', '08:42:13'),
(601, 29, '190.63.18.14', 'pdf', 'reporte_x_empresa_s', '2018-10-11', '08:42:30'),
(602, NULL, '190.63.18.14', 'login', 'index', '2018-10-11', '08:44:14'),
(603, 29, '190.63.18.14', 'supervisor', 'index', '2018-10-11', '08:47:21'),
(604, 29, '190.63.18.14', 'servicio', 'index', '2018-10-11', '08:47:26'),
(605, NULL, '186.46.62.21', 'login', 'index', '2018-10-11', '09:45:45'),
(606, NULL, '181.199.32.2', 'login', 'index', '2018-10-11', '15:11:11'),
(607, NULL, '181.199.32.2', 'login', 'index', '2018-10-11', '15:11:34'),
(608, NULL, '181.199.32.2', 'login', 'index', '2018-10-11', '15:11:43'),
(609, 2, '181.199.32.2', 'login', 'index', '2018-10-11', '15:11:44'),
(610, 2, '181.199.32.2', 'principal', 'index', '2018-10-11', '15:11:44'),
(611, 2, '181.199.32.2', 'app', 'index', '2018-10-11', '15:11:49'),
(612, 2, '181.199.32.2', 'app', 'buscar_usuario', '2018-10-11', '15:11:56'),
(613, 2, '181.199.32.2', 'app', 'buscar_usuario', '2018-10-11', '15:11:57'),
(614, 2, '181.199.32.2', 'app', 'buscar_usuario', '2018-10-11', '15:11:58'),
(615, 2, '181.199.32.2', 'app', 'buscar_usuario', '2018-10-11', '15:11:59'),
(616, 2, '181.199.32.2', 'app', 'buscar_usuario', '2018-10-11', '15:11:59'),
(617, 2, '181.199.32.2', 'app', 'buscar_usuario', '2018-10-11', '15:11:59'),
(618, 2, '181.199.32.2', 'app', 'buscar_usuario', '2018-10-11', '15:12:01'),
(619, 2, '181.199.32.2', 'app', 'buscar_usuario', '2018-10-11', '15:12:01'),
(620, 2, '181.199.32.2', 'app', 'buscar_usuario', '2018-10-11', '15:12:02'),
(621, 2, '181.199.32.2', 'app', 'buscar_usuario', '2018-10-11', '15:12:02'),
(622, 2, '181.199.32.2', 'app', 'buscar_usuario', '2018-10-11', '15:12:03'),
(623, 2, '181.199.32.2', 'app', 'editar_usuario', '2018-10-11', '15:12:14'),
(624, 2, '181.199.32.2', 'app', 'buscar_roles', '2018-10-11', '15:12:15'),
(625, 2, '181.199.32.2', 'app', 'modificar_usuario', '2018-10-11', '15:12:22'),
(626, 2, '181.199.32.2', 'app', 'buscar_usuario', '2018-10-11', '15:12:31');
INSERT INTO `log` (`id`, `id_usuario`, `ip`, `controlador`, `metodo`, `fecha`, `hora`) VALUES
(627, 2, '181.199.32.2', 'app', 'buscar_usuario', '2018-10-11', '15:12:37'),
(628, 2, '181.199.32.2', 'app', 'editar_usuario', '2018-10-11', '15:13:22'),
(629, 2, '181.199.32.2', 'app', 'buscar_roles', '2018-10-11', '15:13:23'),
(630, 2, '181.199.32.2', 'app', 'modificar_usuario', '2018-10-11', '15:13:29'),
(631, 2, '181.199.32.2', 'app', 'editar_usuario', '2018-10-11', '15:13:34'),
(632, 2, '181.199.32.2', 'app', 'buscar_roles', '2018-10-11', '15:13:34'),
(633, 2, '181.199.32.2', 'app', 'modificar_usuario', '2018-10-11', '15:13:39'),
(634, 2, '181.199.32.2', 'servicio', 'index', '2018-10-11', '15:18:06'),
(635, 2, '181.199.32.2', 'servicio', 'registrar_servicio', '2018-10-11', '15:19:00'),
(636, 2, '181.199.32.2', 'servicio', 'index', '2018-10-11', '15:19:01'),
(637, 2, '181.199.32.2', 'admin_servicios', 'index', '2018-10-11', '15:19:05'),
(638, 2, '181.199.32.2', 'admin_servicios', 'buscar_servicio_usuario', '2018-10-11', '15:19:34'),
(639, 2, '181.199.32.2', 'admin_servicios', 'cambiar_estatus_servicio', '2018-10-11', '15:21:50'),
(640, 2, '181.199.32.2', 'admin_servicios', 'index', '2018-10-11', '15:21:51'),
(641, NULL, '181.199.32.2', 'login', 'index', '2018-10-11', '15:52:03'),
(642, NULL, '181.199.32.2', 'login', 'index', '2018-10-11', '15:52:10'),
(643, NULL, '181.199.32.2', 'login', 'index', '2018-10-11', '15:52:11'),
(644, NULL, '181.199.32.2', 'login', 'index', '2018-10-11', '15:52:11'),
(645, NULL, '181.199.32.2', 'login', 'index', '2018-10-11', '15:52:11'),
(646, NULL, '181.199.32.2', 'login', 'index', '2018-10-11', '15:52:12'),
(647, NULL, '181.199.32.2', 'login', 'index', '2018-10-11', '15:52:12'),
(648, NULL, '181.199.32.2', 'login', 'index', '2018-10-11', '15:52:26'),
(649, 1, '181.199.32.2', 'login', 'index', '2018-10-11', '15:52:26'),
(650, 1, '181.199.32.2', 'principal', 'index', '2018-10-11', '15:52:27'),
(651, 1, '181.199.32.2', 'login', 'cerrar', '2018-10-11', '15:52:31'),
(652, NULL, '181.199.32.2', 'login', 'index', '2018-10-11', '15:52:32'),
(653, NULL, '181.199.32.2', 'login', 'index', '2018-10-11', '15:52:38'),
(654, NULL, '181.199.32.2', 'login', 'index', '2018-10-11', '15:52:48'),
(655, NULL, '181.199.32.2', 'login', 'index', '2018-10-11', '15:52:55'),
(656, 3, '181.199.32.2', 'login', 'index', '2018-10-11', '15:52:56'),
(657, 3, '181.199.32.2', 'principal', 'index', '2018-10-11', '15:52:56'),
(658, 3, '181.199.32.2', 'supervisor', 'index', '2018-10-11', '15:53:00'),
(659, 3, '181.199.32.2', 'pdf', 'reporte_x_empresa_s', '2018-10-11', '15:53:02'),
(660, NULL, '186.4.170.13', 'admin_servicios', 'cambiar_estatus_servicio', '2018-10-11', '18:18:35'),
(661, NULL, '186.4.170.13', 'admin_servicios', 'index', '2018-10-11', '18:18:36'),
(662, NULL, '186.4.170.13', 'login', 'index', '2018-10-11', '18:18:36'),
(663, NULL, '178.154.244.', 'login', 'index', '2018-10-11', '21:07:49'),
(664, NULL, '159.203.110.', 'login', 'index', '2018-10-12', '02:17:02'),
(665, NULL, '186.46.62.21', 'login', 'index', '2018-10-12', '09:53:12'),
(666, NULL, '181.199.32.2', 'supervisor', 'index', '2018-10-12', '14:48:09'),
(667, NULL, '181.199.32.2', 'login', 'index', '2018-10-12', '14:48:10'),
(668, NULL, '190.63.18.14', 'login', 'index', '2018-10-12', '15:45:16'),
(669, NULL, '190.63.18.14', 'login', 'index', '2018-10-12', '15:45:51'),
(670, 47, '190.63.18.14', 'login', 'index', '2018-10-12', '15:45:53'),
(671, 47, '190.63.18.14', 'principal', 'index', '2018-10-12', '15:45:53'),
(672, 47, '190.63.18.14', 'servicio', 'index', '2018-10-12', '15:46:50'),
(673, 47, '190.63.18.14', 'servicio', 'index', '2018-10-12', '15:47:16'),
(674, 47, '190.63.18.14', 'servicio', 'index', '2018-10-12', '15:48:17'),
(675, 47, '190.63.18.14', 'servicio', 'index', '2018-10-12', '15:48:24'),
(676, 47, '190.63.18.14', 'solicitudes', 'index', '2018-10-12', '15:48:29'),
(677, 47, '190.63.18.14', 'servicio', 'index', '2018-10-12', '15:48:42'),
(678, 47, '190.63.18.14', 'servicio', 'registrar_servicio', '2018-10-12', '15:49:32'),
(679, 47, '190.63.18.14', 'servicio', 'index', '2018-10-12', '15:49:37'),
(680, 47, '190.63.18.14', 'solicitudes', 'index', '2018-10-12', '15:49:45'),
(681, 47, '190.63.18.14', 'servicio', 'buscar_servicio_usuario', '2018-10-12', '15:49:53'),
(682, NULL, '190.63.18.14', 'servicio', 'index', '2018-10-12', '15:50:06'),
(683, NULL, '190.63.18.14', 'login', 'index', '2018-10-12', '15:50:06'),
(684, NULL, '190.63.18.14', 'solicitudes', 'index', '2018-10-12', '16:21:05'),
(685, NULL, '190.63.18.14', 'login', 'index', '2018-10-12', '16:21:06'),
(686, NULL, '184.154.36.1', 'login', 'index', '2018-10-12', '17:20:05'),
(687, NULL, '181.199.32.2', 'login', 'index', '2018-10-12', '17:24:55'),
(688, NULL, '181.199.32.2', 'login', 'index', '2018-10-12', '17:25:00'),
(689, 1, '181.199.32.2', 'login', 'index', '2018-10-12', '17:25:00'),
(690, 1, '181.199.32.2', 'principal', 'index', '2018-10-12', '17:25:01'),
(691, 1, '181.199.32.2', 'principal', 'index', '2018-10-12', '17:27:32'),
(692, 1, '181.199.32.2', 'solicitudes', 'index', '2018-10-12', '17:32:24'),
(693, 1, '181.199.32.2', 'servicio', 'index', '2018-10-12', '17:32:28'),
(694, 1, '181.199.32.2', 'app', 'index', '2018-10-12', '17:32:37'),
(695, 1, '181.199.32.2', 'admin_servicios', 'index', '2018-10-12', '17:32:41'),
(696, 1, '181.199.32.2', 'admin_servicios', 'buscar_servicio_solucionado', '2018-10-12', '17:32:46'),
(697, 1, '181.199.32.2', 'admin_servicios', 'buscar_servicio_solucionado', '2018-10-12', '17:33:13'),
(698, 1, '181.199.32.2', 'principal', 'index', '2018-10-12', '17:33:50'),
(699, 1, '181.199.32.2', 'solicitudes', 'index', '2018-10-12', '17:33:53'),
(700, 1, '181.199.32.2', 'supervisor', 'index', '2018-10-12', '17:33:57'),
(701, 1, '181.199.32.2', 'solicitudes', 'index', '2018-10-12', '17:35:22'),
(702, 1, '181.199.32.2', 'admin_servicios', 'index', '2018-10-12', '17:35:25'),
(703, 1, '181.199.32.2', 'admin_servicios', 'buscar_servicio_solucionado', '2018-10-12', '17:35:53'),
(704, 1, '181.199.32.2', 'servicio', 'index', '2018-10-12', '17:36:27'),
(705, 1, '181.199.32.2', 'principal', 'index', '2018-10-12', '17:37:17'),
(706, 1, '181.199.32.2', 'principal', 'index', '2018-10-12', '17:40:15'),
(707, 1, '181.199.32.2', 'solicitudes', 'index', '2018-10-12', '17:43:09'),
(708, 1, '181.199.32.2', 'solicitudes', 'index', '2018-10-12', '17:43:09'),
(709, 1, '181.199.32.2', 'servicio', 'index', '2018-10-12', '17:43:12'),
(710, 1, '181.199.32.2', 'supervisor', 'index', '2018-10-12', '17:43:14'),
(711, 1, '181.199.32.2', 'admin_servicios', 'index', '2018-10-12', '17:43:15'),
(712, 1, '181.199.32.2', 'app', 'index', '2018-10-12', '17:43:17'),
(713, 1, '181.199.32.2', 'login', 'cerrar', '2018-10-12', '17:44:18'),
(714, NULL, '181.199.32.2', 'login', 'index', '2018-10-12', '17:44:19'),
(715, NULL, '181.199.32.2', 'login', 'index', '2018-10-12', '17:44:42'),
(716, NULL, '181.199.32.2', 'login', 'index', '2018-10-12', '17:50:41'),
(717, NULL, '181.199.32.2', 'login', 'index', '2018-10-12', '17:56:11'),
(718, NULL, '181.199.32.2', 'login', 'index', '2018-10-12', '17:59:53'),
(719, 1, '181.199.32.2', 'login', 'index', '2018-10-12', '17:59:55'),
(720, 1, '181.199.32.2', 'principal', 'index', '2018-10-12', '17:59:55'),
(721, NULL, '35.190.138.6', 'login', 'index', '2018-10-13', '10:09:26'),
(722, NULL, '207.46.13.11', 'login', 'index', '2018-10-13', '16:16:10'),
(723, NULL, '186.46.62.21', 'login', 'index', '2018-10-15', '09:53:32'),
(724, NULL, '190.12.35.66', 'login', 'index', '2018-10-15', '14:23:16'),
(725, NULL, '190.12.35.66', 'login', 'index', '2018-10-15', '14:23:51'),
(726, 1, '190.12.35.66', 'login', 'index', '2018-10-15', '14:23:53'),
(727, 1, '190.12.35.66', 'login', 'index', '2018-10-15', '14:23:54'),
(728, 1, '190.12.35.66', 'principal', 'index', '2018-10-15', '14:23:54'),
(729, 1, '190.12.35.66', 'servicio', 'index', '2018-10-15', '14:23:57'),
(730, 1, '190.12.35.66', 'admin_servicios', 'index', '2018-10-15', '14:24:06'),
(731, 1, '190.12.35.66', 'login', 'index', '2018-10-15', '14:24:19'),
(732, 1, '190.12.35.66', 'principal', 'index', '2018-10-15', '14:24:20'),
(733, 1, '190.12.35.66', 'servicio', 'index', '2018-10-15', '14:24:22'),
(734, 1, '190.12.35.66', 'admin_servicios', 'index', '2018-10-15', '14:24:24'),
(735, 1, '190.12.35.66', 'admin_servicios', 'index', '2018-10-15', '14:24:29'),
(736, 1, '190.12.35.66', 'admin_servicios', 'buscar_servicios_solucionados', '2018-10-15', '14:25:10'),
(737, 1, '190.12.35.66', 'admin_servicios', 'buscar_servicios_solucionados', '2018-10-15', '14:25:10'),
(738, 1, '190.12.35.66', 'admin_servicios', 'buscar_servicio_solucionado', '2018-10-15', '14:25:14'),
(739, 1, '190.12.35.66', 'admin_servicios', 'buscar_servicio_solucionado', '2018-10-15', '14:25:18'),
(740, 1, '190.12.35.66', 'admin_servicios', 'buscar_servicios_solucionados', '2018-10-15', '14:25:24'),
(741, 1, '190.12.35.66', 'admin_servicios', 'buscar_servicios_solucionados', '2018-10-15', '14:25:24'),
(742, 1, '190.12.35.66', 'admin_servicios', 'buscar_servicio_solucionado', '2018-10-15', '14:25:38'),
(743, 1, '190.12.35.66', 'servicio', 'index', '2018-10-15', '14:25:42'),
(744, 1, '190.12.35.66', 'servicio', 'registrar_servicio', '2018-10-15', '14:26:27'),
(745, 1, '190.12.35.66', 'servicio', 'index', '2018-10-15', '14:26:27'),
(746, 1, '190.12.35.66', 'admin_servicios', 'index', '2018-10-15', '14:26:32'),
(747, 1, '190.12.35.66', 'admin_servicios', 'buscar_servicio_usuario', '2018-10-15', '14:26:55'),
(748, 1, '190.12.35.66', 'admin_servicios', 'index', '2018-10-15', '14:32:12'),
(749, 1, '190.12.35.66', 'admin_servicios', 'buscar_servicio_usuario', '2018-10-15', '14:32:20'),
(750, NULL, '190.12.35.66', 'login', 'index', '2018-10-15', '14:33:45'),
(751, NULL, '190.12.35.66', 'login', 'index', '2018-10-15', '14:33:53'),
(752, 1, '190.12.35.66', 'login', 'index', '2018-10-15', '14:33:53'),
(753, 1, '190.12.35.66', 'principal', 'index', '2018-10-15', '14:33:54'),
(754, 1, '190.12.35.66', 'admin_servicios', 'index', '2018-10-15', '14:33:59'),
(755, 1, '190.12.35.66', 'admin_servicios', 'buscar_servicio_usuario', '2018-10-15', '14:34:02'),
(756, 1, '190.12.35.66', 'admin_servicios', 'cambiar_estatus_servicio', '2018-10-15', '14:34:18'),
(757, 1, '190.12.35.66', 'admin_servicios', 'index', '2018-10-15', '14:34:20'),
(758, 1, '190.12.35.66', 'admin_servicios', 'buscar_servicio_solucionado', '2018-10-15', '14:34:26'),
(759, 1, '190.12.35.66', 'login', 'cerrar', '2018-10-15', '14:34:35'),
(760, NULL, '190.12.35.66', 'login', 'index', '2018-10-15', '14:34:36'),
(761, NULL, '190.63.18.14', 'solicitudes', 'index', '2018-10-15', '15:39:24'),
(762, NULL, '190.63.18.14', 'login', 'index', '2018-10-15', '15:39:25'),
(763, NULL, '190.12.35.66', 'login', 'index', '2018-10-15', '15:53:55'),
(764, NULL, '190.12.35.66', 'login', 'index', '2018-10-15', '16:37:20'),
(765, NULL, '190.12.35.66', 'login', 'index', '2018-10-15', '16:37:50'),
(766, 79, '190.12.35.66', 'login', 'index', '2018-10-15', '16:37:50'),
(767, 79, '190.12.35.66', 'principal', 'index', '2018-10-15', '16:37:50'),
(768, 79, '190.12.35.66', 'servicio', 'index', '2018-10-15', '16:37:53'),
(769, 79, '190.12.35.66', 'servicio', 'registrar_servicio', '2018-10-15', '16:38:26'),
(770, 79, '190.12.35.66', 'servicio', 'index', '2018-10-15', '16:38:26'),
(771, 79, '190.12.35.66', 'solicitudes', 'index', '2018-10-15', '16:38:28'),
(772, 79, '190.12.35.66', 'servicio', 'index', '2018-10-15', '16:38:38'),
(773, NULL, '190.12.35.66', 'login', 'index', '2018-10-15', '16:39:13'),
(774, 79, '190.12.35.66', 'servicio', 'registrar_servicio', '2018-10-15', '16:39:24'),
(775, 79, '190.12.35.66', 'servicio', 'index', '2018-10-15', '16:39:24'),
(776, NULL, '181.199.32.2', 'login', 'index', '2018-10-15', '17:47:18'),
(777, NULL, '181.199.32.2', 'login', 'index', '2018-10-15', '17:47:26'),
(778, 73, '181.199.32.2', 'login', 'index', '2018-10-15', '17:47:27'),
(779, 73, '181.199.32.2', 'principal', 'index', '2018-10-15', '17:47:27'),
(780, 73, '181.199.32.2', 'servicio', 'index', '2018-10-15', '17:47:30'),
(781, 73, '181.199.32.2', 'solicitudes', 'index', '2018-10-15', '17:47:33'),
(782, 73, '181.199.32.2', 'servicio', 'buscar_servicio_usuario', '2018-10-15', '17:47:36'),
(783, 73, '181.199.32.2', 'servicio', 'buscar_servicio_usuario', '2018-10-15', '17:47:59'),
(784, 73, '181.199.32.2', 'solicitudes', 'index', '2018-10-15', '17:48:06'),
(785, 73, '181.199.32.2', 'servicio', 'index', '2018-10-15', '17:48:09'),
(786, 73, '181.199.32.2', 'solicitudes', 'index', '2018-10-15', '17:48:11'),
(787, 73, '181.199.32.2', 'principal', 'index', '2018-10-15', '17:48:13'),
(788, 73, '181.199.32.2', 'servicio', 'index', '2018-10-15', '17:52:32'),
(789, 73, '181.199.32.2', 'servicio', 'index', '2018-10-15', '17:56:28'),
(790, NULL, '138.197.3.23', 'login', 'index', '2018-10-15', '19:19:29'),
(791, NULL, '181.199.32.2', 'principal', 'index', '2018-10-15', '20:30:31'),
(792, NULL, '181.199.32.2', 'login', 'index', '2018-10-15', '20:30:32'),
(793, NULL, '181.199.32.2', 'login', 'index', '2018-10-15', '20:30:41'),
(794, 2, '181.199.32.2', 'login', 'index', '2018-10-15', '20:30:42'),
(795, 2, '181.199.32.2', 'principal', 'index', '2018-10-15', '20:30:43'),
(796, 2, '181.199.32.2', 'servicio', 'index', '2018-10-15', '20:30:48'),
(797, 2, '181.199.32.2', 'servicio', 'registrar_servicio', '2018-10-15', '20:31:54'),
(798, 2, '181.199.32.2', 'servicio', 'index', '2018-10-15', '20:31:55'),
(799, 2, '181.199.32.2', 'servicio', 'registrar_servicio', '2018-10-15', '20:32:44'),
(800, 2, '181.199.32.2', 'servicio', 'index', '2018-10-15', '20:32:44'),
(801, 2, '181.199.32.2', 'servicio', 'index', '2018-10-15', '20:32:48'),
(802, 2, '181.199.32.2', 'supervisor', 'index', '2018-10-15', '20:32:50'),
(803, 2, '181.199.32.2', 'admin_servicios', 'index', '2018-10-15', '20:32:57'),
(804, 2, '181.199.32.2', 'admin_servicios', 'buscar_servicio_usuario', '2018-10-15', '20:33:05'),
(805, NULL, '181.199.32.2', 'admin_servicios', 'index', '2018-10-15', '20:33:54'),
(806, NULL, '181.199.32.2', 'login', 'index', '2018-10-15', '20:33:54'),
(807, NULL, '181.199.32.2', 'login', 'index', '2018-10-15', '20:34:02'),
(808, 2, '181.199.32.2', 'login', 'index', '2018-10-15', '20:34:03'),
(809, 2, '181.199.32.2', 'principal', 'index', '2018-10-15', '20:34:03'),
(810, 2, '181.199.32.2', 'admin_servicios', 'index', '2018-10-15', '20:34:11'),
(811, 2, '181.199.32.2', 'admin_servicios', 'buscar_servicio_usuario', '2018-10-15', '20:34:21'),
(812, 2, '181.199.32.2', 'admin_servicios', 'cambiar_estatus_servicio', '2018-10-15', '20:35:14'),
(813, 2, '181.199.32.2', 'admin_servicios', 'index', '2018-10-15', '20:35:16'),
(814, 2, '181.199.32.2', 'admin_servicios', 'buscar_servicio_usuario', '2018-10-15', '20:35:56'),
(815, 2, '181.199.32.2', 'admin_servicios', 'cambiar_estatus_servicio', '2018-10-15', '20:36:58'),
(816, 2, '181.199.32.2', 'admin_servicios', 'index', '2018-10-15', '20:36:59'),
(817, 2, '181.199.32.2', 'admin_servicios', 'buscar_servicio_usuario', '2018-10-15', '20:37:06'),
(818, 2, '181.199.32.2', 'admin_servicios', 'buscar_servicio_usuario', '2018-10-15', '20:38:02'),
(819, 2, '181.199.32.2', 'admin_servicios', 'cambiar_estatus_servicio', '2018-10-15', '20:39:10'),
(820, 2, '181.199.32.2', 'admin_servicios', 'index', '2018-10-15', '20:39:10'),
(821, 2, '181.199.32.2', 'admin_servicios', 'buscar_servicio_usuario', '2018-10-15', '20:39:13'),
(822, 2, '181.199.32.2', 'admin_servicios', 'cambiar_estatus_servicio', '2018-10-15', '20:40:55'),
(823, 2, '181.199.32.2', 'admin_servicios', 'index', '2018-10-15', '20:40:56'),
(824, 2, '181.199.32.2', 'admin_servicios', 'buscar_servicio_usuario', '2018-10-15', '20:41:01'),
(825, 2, '181.199.32.2', 'supervisor', 'index', '2018-10-15', '20:41:35'),
(826, 2, '181.199.32.2', 'login', 'cerrar', '2018-10-15', '20:41:41'),
(827, NULL, '181.199.32.2', 'login', 'index', '2018-10-15', '20:41:42'),
(828, NULL, '181.199.32.2', 'login', 'index', '2018-10-15', '20:41:49'),
(829, 2, '181.199.32.2', 'login', 'index', '2018-10-15', '20:41:49'),
(830, 2, '181.199.32.2', 'principal', 'index', '2018-10-15', '20:41:50'),
(831, 2, '181.199.32.2', 'servicio', 'index', '2018-10-15', '20:41:56'),
(832, 2, '181.199.32.2', 'app', 'index', '2018-10-15', '20:42:16'),
(833, 2, '181.199.32.2', 'app', 'buscar_usuario', '2018-10-15', '20:42:25'),
(834, 2, '181.199.32.2', 'app', 'buscar_usuario', '2018-10-15', '20:42:26'),
(835, 2, '181.199.32.2', 'app', 'verificar_login', '2018-10-15', '20:44:43'),
(836, 2, '181.199.32.2', 'app', 'guardar_usuario', '2018-10-15', '20:45:09'),
(837, 2, '181.199.32.2', 'servicio', 'index', '2018-10-15', '20:45:57'),
(838, 2, '181.199.32.2', 'servicio', 'registrar_servicio', '2018-10-15', '20:46:51'),
(839, 2, '181.199.32.2', 'servicio', 'index', '2018-10-15', '20:46:52'),
(840, 2, '181.199.32.2', 'servicio', 'registrar_servicio', '2018-10-15', '20:48:28'),
(841, 2, '181.199.32.2', 'servicio', 'index', '2018-10-15', '20:48:29'),
(842, 2, '181.199.32.2', 'admin_servicios', 'index', '2018-10-15', '20:48:34'),
(843, 2, '181.199.32.2', 'admin_servicios', 'buscar_servicio_usuario', '2018-10-15', '20:48:42'),
(844, 2, '181.199.32.2', 'admin_servicios', 'cambiar_estatus_servicio', '2018-10-15', '20:49:32'),
(845, 2, '181.199.32.2', 'admin_servicios', 'index', '2018-10-15', '20:49:32'),
(846, 2, '181.199.32.2', 'admin_servicios', 'buscar_servicio_usuario', '2018-10-15', '20:49:36'),
(847, 2, '181.199.32.2', 'admin_servicios', 'cambiar_estatus_servicio', '2018-10-15', '20:51:17'),
(848, 2, '181.199.32.2', 'admin_servicios', 'index', '2018-10-15', '20:51:17'),
(849, 2, '181.199.32.2', 'login', 'cerrar', '2018-10-15', '20:51:22'),
(850, NULL, '181.199.32.2', 'login', 'index', '2018-10-15', '20:51:22'),
(851, NULL, '181.199.32.2', 'login', 'index', '2018-10-15', '20:51:35'),
(852, 78, '181.199.32.2', 'login', 'index', '2018-10-15', '20:51:35'),
(853, 78, '181.199.32.2', 'principal', 'index', '2018-10-15', '20:51:36'),
(854, 78, '181.199.32.2', 'supervisor', 'index', '2018-10-15', '20:51:39'),
(855, 78, '181.199.32.2', 'supervisor', 'buscar_x_fecha', '2018-10-15', '20:51:49'),
(856, 78, '181.199.32.2', 'supervisor', 'buscar_x_fecha', '2018-10-15', '20:51:53'),
(857, 78, '181.199.32.2', 'pdf', 'reporte_x_empresa', '2018-10-15', '20:52:01'),
(858, 78, '181.199.32.2', 'pdf', 'reporte_x_empresa_s', '2018-10-15', '20:55:57'),
(859, 78, '181.199.32.2', 'login', 'cerrar', '2018-10-15', '20:57:08'),
(860, NULL, '181.199.32.2', 'login', 'index', '2018-10-15', '20:57:09'),
(861, NULL, '181.199.32.2', 'login', 'index', '2018-10-15', '20:57:17'),
(862, NULL, '181.199.32.2', 'login', 'index', '2018-10-15', '20:57:30'),
(863, 29, '181.199.32.2', 'login', 'index', '2018-10-15', '20:57:30'),
(864, 29, '181.199.32.2', 'principal', 'index', '2018-10-15', '20:57:30'),
(865, 29, '181.199.32.2', 'supervisor', 'index', '2018-10-15', '20:57:34'),
(866, 29, '181.199.32.2', 'supervisor', 'buscar_x_fecha', '2018-10-15', '20:57:42'),
(867, 29, '181.199.32.2', 'supervisor', 'buscar_x_fecha', '2018-10-15', '20:57:44'),
(868, 29, '181.199.32.2', 'pdf', 'reporte_x_empresa', '2018-10-15', '20:57:45'),
(869, 29, '181.199.32.2', 'login', 'cerrar', '2018-10-15', '21:29:45'),
(870, NULL, '181.199.32.2', 'login', 'index', '2018-10-15', '21:29:46'),
(871, NULL, '181.199.32.2', 'login', 'index', '2018-10-15', '21:29:55'),
(872, 78, '181.199.32.2', 'login', 'index', '2018-10-15', '21:29:55'),
(873, 78, '181.199.32.2', 'principal', 'index', '2018-10-15', '21:29:56'),
(874, 78, '181.199.32.2', 'supervisor', 'index', '2018-10-15', '21:30:00'),
(875, 78, '181.199.32.2', 'supervisor', 'buscar_x_fecha', '2018-10-15', '21:30:08'),
(876, 78, '181.199.32.2', 'pdf', 'reporte_x_empresa', '2018-10-15', '21:30:14'),
(877, 78, '181.199.32.2', 'login', 'index', '2018-10-15', '21:38:31'),
(878, 78, '181.199.32.2', 'principal', 'index', '2018-10-15', '21:38:32'),
(879, 78, '181.199.32.2', 'login', 'cerrar', '2018-10-15', '21:38:35'),
(880, NULL, '181.199.32.2', 'login', 'index', '2018-10-15', '21:38:36'),
(881, NULL, '181.199.32.2', 'login', 'index', '2018-10-15', '21:38:42'),
(882, 29, '181.199.32.2', 'login', 'index', '2018-10-15', '21:38:43'),
(883, 29, '181.199.32.2', 'principal', 'index', '2018-10-15', '21:38:43'),
(884, 29, '181.199.32.2', 'supervisor', 'index', '2018-10-15', '21:38:48'),
(885, 29, '181.199.32.2', 'supervisor', 'buscar_x_fecha', '2018-10-15', '21:38:56'),
(886, 29, '181.199.32.2', 'pdf', 'reporte_x_empresa_s', '2018-10-15', '21:38:58'),
(887, 29, '181.199.32.2', 'pdf', 'reporte_x_empresa', '2018-10-15', '21:39:03'),
(888, 29, '181.199.32.2', 'login', 'cerrar', '2018-10-15', '22:09:37'),
(889, NULL, '181.199.32.2', 'login', 'index', '2018-10-15', '22:09:37'),
(890, NULL, '181.199.32.2', 'login', 'index', '2018-10-15', '22:10:21'),
(891, 2, '181.199.32.2', 'login', 'index', '2018-10-15', '22:10:22'),
(892, 2, '181.199.32.2', 'principal', 'index', '2018-10-15', '22:10:23'),
(893, 2, '181.199.32.2', 'servicio', 'index', '2018-10-15', '22:10:26'),
(894, 2, '181.199.32.2', 'servicio', 'registrar_servicio', '2018-10-15', '22:11:21'),
(895, 2, '181.199.32.2', 'servicio', 'index', '2018-10-15', '22:11:22'),
(896, 2, '181.199.32.2', 'servicio', 'registrar_servicio', '2018-10-15', '22:12:53'),
(897, 2, '181.199.32.2', 'servicio', 'index', '2018-10-15', '22:12:54'),
(898, 2, '181.199.32.2', 'admin_servicios', 'index', '2018-10-15', '22:13:00'),
(899, 2, '181.199.32.2', 'admin_servicios', 'buscar_servicio_usuario', '2018-10-15', '22:14:42'),
(900, 2, '181.199.32.2', 'admin_servicios', 'cambiar_estatus_servicio', '2018-10-15', '22:18:29'),
(901, 2, '181.199.32.2', 'admin_servicios', 'index', '2018-10-15', '22:18:29'),
(902, 2, '181.199.32.2', 'admin_servicios', 'buscar_servicio_usuario', '2018-10-15', '22:18:33'),
(903, 2, '181.199.32.2', 'admin_servicios', 'cambiar_estatus_servicio', '2018-10-15', '22:21:39'),
(904, 2, '181.199.32.2', 'admin_servicios', 'index', '2018-10-15', '22:21:40'),
(905, 2, '181.199.32.2', 'admin_servicios', 'buscar_servicio_solucionado', '2018-10-15', '22:28:18'),
(906, 2, '181.199.32.2', 'login', 'cerrar', '2018-10-15', '22:28:25'),
(907, NULL, '181.199.32.2', 'login', 'index', '2018-10-15', '22:28:26'),
(908, NULL, '181.199.32.2', 'login', 'index', '2018-10-15', '22:28:34'),
(909, 19, '181.199.32.2', 'login', 'index', '2018-10-15', '22:28:35'),
(910, 19, '181.199.32.2', 'principal', 'index', '2018-10-15', '22:28:35'),
(911, 19, '181.199.32.2', 'supervisor', 'index', '2018-10-15', '22:28:39'),
(912, 19, '181.199.32.2', 'supervisor', 'buscar_x_fecha', '2018-10-15', '22:28:47'),
(913, 19, '181.199.32.2', 'pdf', 'reporte_x_empresa', '2018-10-15', '22:28:51'),
(914, NULL, '186.46.62.21', 'login', 'index', '2018-10-16', '09:51:17'),
(915, NULL, '190.12.35.66', 'login', 'index', '2018-10-16', '10:13:34'),
(916, NULL, '190.12.35.66', 'login', 'index', '2018-10-16', '10:13:51'),
(917, 1, '190.12.35.66', 'login', 'index', '2018-10-16', '10:13:53'),
(918, 1, '190.12.35.66', 'login', 'index', '2018-10-16', '10:13:53'),
(919, 1, '190.12.35.66', 'principal', 'index', '2018-10-16', '10:13:53'),
(920, 1, '190.12.35.66', 'servicio', 'index', '2018-10-16', '10:13:59'),
(921, 1, '190.12.35.66', 'servicio', 'registrar_servicio', '2018-10-16', '10:14:51'),
(922, 1, '190.12.35.66', 'servicio', 'index', '2018-10-16', '10:14:51'),
(923, 1, '190.12.35.66', 'solicitudes', 'index', '2018-10-16', '10:14:59'),
(924, 1, '190.12.35.66', 'admin_servicios', 'index', '2018-10-16', '10:15:29'),
(925, 1, '190.12.35.66', 'admin_servicios', 'buscar_servicio_usuario', '2018-10-16', '10:15:34'),
(926, 1, '190.12.35.66', 'admin_servicios', 'cambiar_estatus_servicio', '2018-10-16', '10:19:00'),
(927, 1, '190.12.35.66', 'admin_servicios', 'index', '2018-10-16', '10:19:00'),
(928, 1, '190.12.35.66', 'login', 'index', '2018-10-16', '10:19:39'),
(929, 1, '190.12.35.66', 'principal', 'index', '2018-10-16', '10:19:39'),
(930, 1, '190.12.35.66', 'servicio', 'index', '2018-10-16', '10:19:44'),
(931, 1, '190.12.35.66', 'admin_servicios', 'index', '2018-10-16', '10:19:54'),
(932, 1, '190.12.35.66', 'admin_servicios', 'buscar_servicio_solucionado', '2018-10-16', '10:20:06'),
(933, 1, '190.12.35.66', 'admin_servicios', 'buscar_servicio_solucionado', '2018-10-16', '10:20:35'),
(934, NULL, '186.46.62.21', 'login', 'index', '2018-10-16', '11:44:25'),
(935, NULL, '186.46.62.21', 'login', 'index', '2018-10-16', '11:45:51'),
(936, 3, '186.46.62.21', 'login', 'index', '2018-10-16', '11:45:52'),
(937, 3, '186.46.62.21', 'principal', 'index', '2018-10-16', '11:45:52'),
(938, 3, '186.46.62.21', 'servicio', 'index', '2018-10-16', '11:46:15'),
(939, 3, '186.46.62.21', 'servicio', 'registrar_servicio', '2018-10-16', '11:47:00'),
(940, 3, '186.46.62.21', 'servicio', 'index', '2018-10-16', '11:47:01'),
(941, 3, '186.46.62.21', 'servicio', 'index', '2018-10-16', '11:47:14'),
(942, 3, '186.46.62.21', 'solicitudes', 'index', '2018-10-16', '11:47:28'),
(943, 3, '186.46.62.21', 'supervisor', 'index', '2018-10-16', '11:47:40'),
(944, 3, '186.46.62.21', 'supervisor', 'buscar_x_fecha', '2018-10-16', '11:47:56'),
(945, 3, '186.46.62.21', 'pdf', 'reporte_x_empresa', '2018-10-16', '11:48:02'),
(946, 3, '186.46.62.21', 'pdf', 'reporte_x_empresa_s', '2018-10-16', '11:48:27'),
(947, 3, '186.46.62.21', 'login', 'cerrar', '2018-10-16', '11:48:45'),
(948, NULL, '186.46.62.21', 'login', 'index', '2018-10-16', '11:48:45'),
(949, NULL, '186.46.62.21', 'login', 'index', '2018-10-16', '11:48:52'),
(950, NULL, '186.46.62.21', 'login', 'index', '2018-10-16', '11:49:03'),
(951, 2, '186.46.62.21', 'login', 'index', '2018-10-16', '11:49:03'),
(952, 2, '186.46.62.21', 'principal', 'index', '2018-10-16', '11:49:05'),
(953, 2, '186.46.62.21', 'admin_servicios', 'index', '2018-10-16', '11:49:11'),
(954, 2, '186.46.62.21', 'admin_servicios', 'buscar_servicio_usuario', '2018-10-16', '11:49:18'),
(955, 2, '186.46.62.21', 'admin_servicios', 'cambiar_estatus_servicio', '2018-10-16', '11:50:15'),
(956, 2, '186.46.62.21', 'admin_servicios', 'index', '2018-10-16', '11:50:16'),
(957, 2, '186.46.62.21', 'servicio', 'index', '2018-10-16', '11:51:34'),
(958, NULL, '190.12.35.66', 'login', 'index', '2018-10-16', '16:13:43'),
(959, NULL, '45.55.207.22', 'login', 'index', '2018-10-16', '21:14:03'),
(960, NULL, '186.46.62.21', 'login', 'index', '2018-10-17', '09:44:25'),
(961, NULL, '190.12.35.66', 'login', 'index', '2018-10-17', '10:24:37'),
(962, NULL, '190.12.35.66', 'login', 'index', '2018-10-17', '10:24:44'),
(963, 1, '190.12.35.66', 'login', 'index', '2018-10-17', '10:24:44'),
(964, 1, '190.12.35.66', 'principal', 'index', '2018-10-17', '10:24:45'),
(965, 1, '190.12.35.66', 'admin_servicios', 'index', '2018-10-17', '10:24:48'),
(966, 1, '190.12.35.66', 'admin_servicios', 'buscar_servicio_solucionado', '2018-10-17', '10:24:53'),
(967, 1, '190.12.35.66', 'servicio', 'index', '2018-10-17', '10:25:17'),
(968, 1, '190.12.35.66', 'servicio', 'registrar_servicio', '2018-10-17', '10:25:56'),
(969, 1, '190.12.35.66', 'servicio', 'index', '2018-10-17', '10:25:58'),
(970, 1, '190.12.35.66', 'servicio', 'index', '2018-10-17', '10:28:15'),
(971, 1, '190.12.35.66', 'admin_servicios', 'index', '2018-10-17', '10:28:19'),
(972, 1, '190.12.35.66', 'admin_servicios', 'buscar_servicio_solucionado', '2018-10-17', '10:28:26'),
(973, 1, '190.12.35.66', 'admin_servicios', 'buscar_servicio_usuario', '2018-10-17', '10:28:47'),
(974, 1, '190.12.35.66', 'admin_servicios', 'cambiar_estatus_servicio', '2018-10-17', '10:30:10'),
(975, 1, '190.12.35.66', 'admin_servicios', 'index', '2018-10-17', '10:30:11'),
(976, 1, '190.12.35.66', 'login', 'cerrar', '2018-10-17', '10:30:16'),
(977, NULL, '190.12.35.66', 'login', 'index', '2018-10-17', '10:30:16'),
(978, NULL, '190.12.35.66', 'login', 'index', '2018-10-17', '11:08:22'),
(979, NULL, '190.12.35.66', 'login', 'index', '2018-10-17', '11:08:40'),
(980, 80, '190.12.35.66', 'login', 'index', '2018-10-17', '11:08:41'),
(981, 80, '190.12.35.66', 'principal', 'index', '2018-10-17', '11:08:41'),
(982, 80, '190.12.35.66', 'servicio', 'index', '2018-10-17', '11:08:52'),
(983, 80, '190.12.35.66', 'solicitudes', 'index', '2018-10-17', '11:09:15'),
(984, 80, '190.12.35.66', 'servicio', 'buscar_servicio_usuario', '2018-10-17', '11:09:19'),
(985, 80, '190.12.35.66', 'servicio', 'index', '2018-10-17', '11:09:33'),
(986, 80, '190.12.35.66', 'login', 'cerrar', '2018-10-17', '11:09:47'),
(987, NULL, '190.12.35.66', 'login', 'index', '2018-10-17', '11:09:48'),
(988, NULL, '190.12.35.66', 'login', 'index', '2018-10-17', '11:09:55'),
(989, 1, '190.12.35.66', 'login', 'index', '2018-10-17', '11:09:56'),
(990, 1, '190.12.35.66', 'principal', 'index', '2018-10-17', '11:09:56'),
(991, 1, '190.12.35.66', 'admin_servicios', 'index', '2018-10-17', '11:10:00'),
(992, 1, '190.12.35.66', 'servicio', 'index', '2018-10-17', '11:10:06'),
(993, 1, '190.12.35.66', 'admin_servicios', 'index', '2018-10-17', '11:10:43'),
(994, 1, '190.12.35.66', 'admin_servicios', 'buscar_servicio_solucionado', '2018-10-17', '11:10:46'),
(995, 1, '190.12.35.66', 'servicio', 'index', '2018-10-17', '11:11:06'),
(996, 1, '190.12.35.66', 'servicio', 'registrar_servicio', '2018-10-17', '11:11:15'),
(997, 1, '190.12.35.66', 'servicio', 'index', '2018-10-17', '11:11:15'),
(998, 1, '190.12.35.66', 'servicio', 'index', '2018-10-17', '11:11:22'),
(999, 1, '190.12.35.66', 'admin_servicios', 'index', '2018-10-17', '11:11:30'),
(1000, 1, '190.12.35.66', 'admin_servicios', 'index', '2018-10-17', '11:11:38'),
(1001, 1, '190.12.35.66', 'admin_servicios', 'buscar_servicio_solucionado', '2018-10-17', '11:11:40'),
(1002, 1, '190.12.35.66', 'admin_servicios', 'buscar_servicio_usuario', '2018-10-17', '11:11:58'),
(1003, 1, '190.12.35.66', 'admin_servicios', 'cambiar_estatus_servicio', '2018-10-17', '11:12:59'),
(1004, 1, '190.12.35.66', 'admin_servicios', 'index', '2018-10-17', '11:12:59'),
(1005, 1, '190.12.35.66', 'app', 'index', '2018-10-17', '11:13:05'),
(1006, 1, '190.12.35.66', 'app', 'verificar_login', '2018-10-17', '11:15:07'),
(1007, 1, '190.12.35.66', 'app', 'guardar_usuario', '2018-10-17', '11:15:47'),
(1008, 1, '190.12.35.66', 'servicio', 'index', '2018-10-17', '11:15:51'),
(1009, 1, '190.12.35.66', 'servicio', 'registrar_servicio', '2018-10-17', '11:17:03'),
(1010, 1, '190.12.35.66', 'servicio', 'index', '2018-10-17', '11:17:03'),
(1011, 1, '190.12.35.66', 'admin_servicios', 'index', '2018-10-17', '11:17:09'),
(1012, 1, '190.12.35.66', 'admin_servicios', 'buscar_servicio_usuario', '2018-10-17', '11:17:11'),
(1013, 1, '190.12.35.66', 'admin_servicios', 'cambiar_estatus_servicio', '2018-10-17', '11:18:17'),
(1014, 1, '190.12.35.66', 'admin_servicios', 'index', '2018-10-17', '11:18:20'),
(1015, 1, '190.12.35.66', 'admin_servicios', 'buscar_servicio_solucionado', '2018-10-17', '11:18:23'),
(1016, 1, '190.12.35.66', 'admin_servicios', 'buscar_servicio_solucionado', '2018-10-17', '11:18:28'),
(1017, 1, '190.12.35.66', 'admin_servicios', 'buscar_servicio_solucionado', '2018-10-17', '11:18:31'),
(1018, 1, '190.12.35.66', 'login', 'cerrar', '2018-10-17', '11:19:01'),
(1019, NULL, '190.12.35.66', 'login', 'index', '2018-10-17', '11:19:02'),
(1020, NULL, '190.12.35.66', 'login', 'index', '2018-10-17', '11:22:01'),
(1021, NULL, '190.12.35.66', 'login', 'index', '2018-10-17', '11:22:19'),
(1022, NULL, '190.12.35.66', 'login', 'index', '2018-10-17', '11:22:35'),
(1023, NULL, '181.199.45.4', 'login', 'index', '2018-10-18', '09:10:40'),
(1024, NULL, '190.12.35.66', 'login', 'index', '2018-10-18', '09:42:33'),
(1025, NULL, '190.12.35.66', 'login', 'index', '2018-10-18', '09:43:25'),
(1026, 1, '190.12.35.66', 'login', 'index', '2018-10-18', '09:43:26'),
(1027, 1, '190.12.35.66', 'principal', 'index', '2018-10-18', '09:43:26'),
(1028, 1, '190.12.35.66', 'servicio', 'index', '2018-10-18', '09:43:58'),
(1029, 1, '190.12.35.66', 'admin_servicios', 'index', '2018-10-18', '09:44:02'),
(1030, 1, '190.12.35.66', 'admin_servicios', 'buscar_servicio_solucionado', '2018-10-18', '09:44:05'),
(1031, 1, '190.12.35.66', 'servicio', 'index', '2018-10-18', '09:44:20'),
(1032, 1, '190.12.35.66', 'admin_servicios', 'index', '2018-10-18', '09:44:24'),
(1033, 1, '190.12.35.66', 'servicio', 'index', '2018-10-18', '09:44:24'),
(1034, 1, '190.12.35.66', 'servicio', 'registrar_servicio', '2018-10-18', '09:45:39'),
(1035, 1, '190.12.35.66', 'servicio', 'index', '2018-10-18', '09:45:39'),
(1036, 1, '190.12.35.66', 'admin_servicios', 'index', '2018-10-18', '09:45:43'),
(1037, 1, '190.12.35.66', 'admin_servicios', 'buscar_servicio_solucionado', '2018-10-18', '09:45:45'),
(1038, 1, '190.12.35.66', 'admin_servicios', 'index', '2018-10-18', '09:45:58'),
(1039, 1, '190.12.35.66', 'admin_servicios', 'buscar_servicio_usuario', '2018-10-18', '09:45:59'),
(1040, 1, '190.12.35.66', 'admin_servicios', 'cambiar_estatus_servicio', '2018-10-18', '09:46:41'),
(1041, 1, '190.12.35.66', 'admin_servicios', 'index', '2018-10-18', '09:46:41'),
(1042, 1, '190.12.35.66', 'login', 'cerrar', '2018-10-18', '09:47:12'),
(1043, NULL, '190.12.35.66', 'login', 'index', '2018-10-18', '09:47:12'),
(1044, NULL, '186.46.62.21', 'login', 'index', '2018-10-18', '09:53:35'),
(1045, NULL, '190.12.35.66', 'login', 'index', '2018-10-18', '10:04:32'),
(1046, NULL, '190.12.35.66', 'login', 'index', '2018-10-18', '10:04:38'),
(1047, 1, '190.12.35.66', 'login', 'index', '2018-10-18', '10:04:38'),
(1048, 1, '190.12.35.66', 'principal', 'index', '2018-10-18', '10:04:39'),
(1049, 1, '190.12.35.66', 'servicio', 'index', '2018-10-18', '10:04:42'),
(1050, 1, '190.12.35.66', 'admin_servicios', 'index', '2018-10-18', '10:05:00'),
(1051, 1, '190.12.35.66', 'admin_servicios', 'buscar_servicio_solucionado', '2018-10-18', '10:05:03'),
(1052, 1, '190.12.35.66', 'servicio', 'registrar_servicio', '2018-10-18', '10:05:14'),
(1053, 1, '190.12.35.66', 'servicio', 'index', '2018-10-18', '10:05:14'),
(1054, 1, '190.12.35.66', 'admin_servicios', 'index', '2018-10-18', '10:05:17'),
(1055, 1, '190.12.35.66', 'admin_servicios', 'buscar_servicio_solucionado', '2018-10-18', '10:05:19'),
(1056, 1, '190.12.35.66', 'admin_servicios', 'buscar_servicio_usuario', '2018-10-18', '10:05:30'),
(1057, 1, '190.12.35.66', 'admin_servicios', 'buscar_servicio_usuario', '2018-10-18', '10:06:37'),
(1058, 1, '190.12.35.66', 'admin_servicios', 'buscar_servicio_solucionado', '2018-10-18', '10:06:45'),
(1059, 1, '190.12.35.66', 'admin_servicios', 'cambiar_estatus_servicio', '2018-10-18', '10:07:46'),
(1060, 1, '190.12.35.66', 'admin_servicios', 'index', '2018-10-18', '10:07:47'),
(1061, 1, '190.12.35.66', 'app', 'index', '2018-10-18', '10:08:00'),
(1062, 1, '190.12.35.66', 'admin_servicios', 'index', '2018-10-18', '10:08:20'),
(1063, 1, '190.12.35.66', 'admin_servicios', 'buscar_servicio_solucionado', '2018-10-18', '10:08:30'),
(1064, 1, '190.12.35.66', 'admin_servicios', 'buscar_servicio_solucionado', '2018-10-18', '10:08:36'),
(1065, 1, '190.12.35.66', 'login', 'cerrar', '2018-10-18', '10:08:47'),
(1066, NULL, '190.12.35.66', 'login', 'index', '2018-10-18', '10:08:47'),
(1067, NULL, '190.12.35.66', 'login', 'index', '2018-10-18', '10:34:11'),
(1068, NULL, '190.12.35.66', 'login', 'index', '2018-10-18', '10:34:56'),
(1069, 1, '190.12.35.66', 'login', 'index', '2018-10-18', '10:34:57'),
(1070, 1, '190.12.35.66', 'principal', 'index', '2018-10-18', '10:34:57'),
(1071, 1, '190.12.35.66', 'admin_servicios', 'index', '2018-10-18', '10:35:13'),
(1072, 1, '190.12.35.66', 'servicio', 'index', '2018-10-18', '10:35:14'),
(1073, 1, '190.12.35.66', 'admin_servicios', 'buscar_servicio_solucionado', '2018-10-18', '10:35:17'),
(1074, 1, '190.12.35.66', 'servicio', 'registrar_servicio', '2018-10-18', '10:35:50'),
(1075, 1, '190.12.35.66', 'servicio', 'index', '2018-10-18', '10:35:51'),
(1076, 1, '190.12.35.66', 'admin_servicios', 'index', '2018-10-18', '10:35:55'),
(1077, 1, '190.12.35.66', 'admin_servicios', 'buscar_servicio_solucionado', '2018-10-18', '10:35:58'),
(1078, 1, '190.12.35.66', 'admin_servicios', 'index', '2018-10-18', '10:36:22'),
(1079, 1, '190.12.35.66', 'admin_servicios', 'buscar_servicio_usuario', '2018-10-18', '10:36:26'),
(1080, 1, '190.12.35.66', 'admin_servicios', 'cambiar_estatus_servicio', '2018-10-18', '10:37:06'),
(1081, 1, '190.12.35.66', 'admin_servicios', 'index', '2018-10-18', '10:37:06'),
(1082, 1, '190.12.35.66', 'login', 'cerrar', '2018-10-18', '10:37:09'),
(1083, NULL, '190.12.35.66', 'login', 'index', '2018-10-18', '10:37:09'),
(1084, NULL, '190.12.35.66', 'admin_servicios', 'index', '2018-10-18', '10:57:17'),
(1085, NULL, '190.12.35.66', 'login', 'index', '2018-10-18', '10:57:17'),
(1086, NULL, '186.46.62.21', 'login', 'index', '2018-10-18', '13:33:36'),
(1087, NULL, '186.46.62.21', 'login', 'index', '2018-10-18', '13:35:46'),
(1088, 19, '186.46.62.21', 'login', 'index', '2018-10-18', '13:35:47'),
(1089, 19, '186.46.62.21', 'principal', 'index', '2018-10-18', '13:35:47'),
(1090, 19, '186.46.62.21', 'servicio', 'index', '2018-10-18', '13:36:28'),
(1091, 19, '186.46.62.21', 'servicio', 'registrar_servicio', '2018-10-18', '13:38:28'),
(1092, 19, '186.46.62.21', 'servicio', 'index', '2018-10-18', '13:38:29'),
(1093, 19, '186.46.62.21', 'solicitudes', 'index', '2018-10-18', '13:38:46'),
(1094, 19, '186.46.62.21', 'servicio', 'buscar_servicio_usuario', '2018-10-18', '13:39:18'),
(1095, 19, '186.46.62.21', 'servicio', 'buscar_servicio_usuario', '2018-10-18', '13:40:34'),
(1096, 19, '186.46.62.21', 'servicio', 'buscar_servicio_usuario', '2018-10-18', '13:40:52'),
(1097, 19, '186.46.62.21', 'supervisor', 'index', '2018-10-18', '13:43:25'),
(1098, 19, '186.46.62.21', 'admin_servicios', 'buscar_servicio_solucionado', '2018-10-18', '13:43:40'),
(1099, 19, '186.46.62.21', 'pdf', 'reporte_x_empresa', '2018-10-18', '13:44:52'),
(1100, 19, '186.46.62.21', 'admin_servicios', 'buscar_servicio_solucionado', '2018-10-18', '13:45:39'),
(1101, 19, '186.46.62.21', 'admin_servicios', 'buscar_servicio_solucionado', '2018-10-18', '13:47:35'),
(1102, 19, '186.46.62.21', 'supervisor', 'buscar_x_fecha', '2018-10-18', '13:48:38'),
(1103, 19, '186.46.62.21', 'supervisor', 'index', '2018-10-18', '13:49:18'),
(1104, 19, '186.46.62.21', 'servicio', 'index', '2018-10-18', '13:49:24'),
(1105, 19, '186.46.62.21', 'supervisor', 'index', '2018-10-18', '13:49:58'),
(1106, 19, '186.46.62.21', 'admin_servicios', 'buscar_servicio_solucionado', '2018-10-18', '13:50:02'),
(1107, 19, '186.46.62.21', 'admin_servicios', 'buscar_servicio_solucionado', '2018-10-18', '13:50:04'),
(1108, 19, '186.46.62.21', 'admin_servicios', 'buscar_servicio_solucionado', '2018-10-18', '13:50:06'),
(1109, 19, '186.46.62.21', 'admin_servicios', 'buscar_servicio_solucionado', '2018-10-18', '13:50:10'),
(1110, 19, '186.46.62.21', 'admin_servicios', 'buscar_servicio_solucionado', '2018-10-18', '13:50:12'),
(1111, 19, '186.46.62.21', 'admin_servicios', 'buscar_servicio_solucionado', '2018-10-18', '13:50:14'),
(1112, 19, '186.46.62.21', 'admin_servicios', 'buscar_servicio_solucionado', '2018-10-18', '13:50:16'),
(1113, 19, '186.46.62.21', 'admin_servicios', 'buscar_servicio_solucionado', '2018-10-18', '13:50:22'),
(1114, 19, '186.46.62.21', 'admin_servicios', 'buscar_servicio_solucionado', '2018-10-18', '13:50:25'),
(1115, 19, '186.46.62.21', 'pdf', 'reporte_x_empresa_s', '2018-10-18', '13:50:47'),
(1116, 19, '186.46.62.21', 'servicio', 'index', '2018-10-18', '13:51:16'),
(1117, 19, '186.46.62.21', 'servicio', 'registrar_servicio', '2018-10-18', '13:52:10'),
(1118, 19, '186.46.62.21', 'servicio', 'index', '2018-10-18', '13:52:11'),
(1119, 19, '186.46.62.21', 'servicio', 'registrar_servicio', '2018-10-18', '13:53:21'),
(1120, 19, '186.46.62.21', 'servicio', 'index', '2018-10-18', '13:53:21'),
(1121, 19, '186.46.62.21', 'solicitudes', 'index', '2018-10-18', '13:53:34'),
(1122, 19, '186.46.62.21', 'recuperar', 'cambiar', '2018-10-18', '13:53:51'),
(1123, 19, '186.46.62.21', 'recuperar', 'buscarusuario', '2018-10-18', '13:55:23'),
(1124, 19, '186.46.62.21', 'recuperar', 'buscarusuario', '2018-10-18', '13:55:23'),
(1125, 19, '186.46.62.21', 'login', 'cerrar', '2018-10-18', '13:55:36'),
(1126, NULL, '186.46.62.21', 'login', 'index', '2018-10-18', '13:55:36'),
(1127, NULL, '186.46.62.21', 'login', 'index', '2018-10-18', '13:55:54'),
(1128, NULL, '186.46.62.21', 'login', 'index', '2018-10-18', '13:55:59'),
(1129, 19, '186.46.62.21', 'login', 'index', '2018-10-18', '13:55:59'),
(1130, 19, '186.46.62.21', 'principal', 'index', '2018-10-18', '13:56:00'),
(1131, 19, '186.46.62.21', 'recuperar', 'cambiar', '2018-10-18', '13:57:05'),
(1132, 19, '186.46.62.21', 'supervisor', 'index', '2018-10-18', '13:57:15'),
(1133, 19, '186.46.62.21', 'servicio', 'index', '2018-10-18', '13:57:29'),
(1134, 19, '186.46.62.21', 'solicitudes', 'index', '2018-10-18', '13:57:38'),
(1135, 19, '186.46.62.21', 'servicio', 'index', '2018-10-18', '13:57:56'),
(1136, 19, '186.46.62.21', 'servicio', 'registrar_servicio', '2018-10-18', '13:58:39'),
(1137, 19, '186.46.62.21', 'servicio', 'index', '2018-10-18', '13:58:40'),
(1138, 19, '186.46.62.21', 'solicitudes', 'index', '2018-10-18', '13:58:47'),
(1139, 19, '186.46.62.21', 'servicio', 'buscar_servicio_usuario', '2018-10-18', '13:58:49'),
(1140, 19, '186.46.62.21', 'servicio', 'buscar_servicio_usuario', '2018-10-18', '13:58:56'),
(1141, 19, '186.46.62.21', 'login', 'cerrar', '2018-10-18', '13:59:47'),
(1142, NULL, '186.46.62.21', 'login', 'index', '2018-10-18', '13:59:47'),
(1143, NULL, '186.46.62.21', 'login', 'index', '2018-10-18', '14:01:12'),
(1144, NULL, '186.46.62.21', 'login', 'index', '2018-10-18', '14:02:43'),
(1145, NULL, '186.46.62.21', 'login', 'index', '2018-10-18', '14:02:49'),
(1146, NULL, '186.46.62.21', 'login', 'index', '2018-10-18', '14:02:57'),
(1147, 19, '186.46.62.21', 'login', 'index', '2018-10-18', '14:02:58'),
(1148, 19, '186.46.62.21', 'principal', 'index', '2018-10-18', '14:02:58'),
(1149, 19, '186.46.62.21', 'servicio', 'index', '2018-10-18', '14:03:16'),
(1150, 19, '186.46.62.21', 'servicio', 'registrar_servicio', '2018-10-18', '14:04:00'),
(1151, 19, '186.46.62.21', 'servicio', 'index', '2018-10-18', '14:04:00'),
(1152, NULL, '186.46.62.21', 'login', 'index', '2018-10-18', '14:23:42'),
(1153, NULL, '186.46.62.21', 'login', 'index', '2018-10-18', '14:23:49'),
(1154, 1, '186.46.62.21', 'login', 'index', '2018-10-18', '14:23:49'),
(1155, 1, '186.46.62.21', 'principal', 'index', '2018-10-18', '14:23:51'),
(1156, 1, '186.46.62.21', 'admin_servicios', 'index', '2018-10-18', '14:23:58'),
(1157, 1, '186.46.62.21', 'admin_servicios', 'buscar_servicio_usuario', '2018-10-18', '14:24:03'),
(1158, 1, '186.46.62.21', 'admin_servicios', 'cambiar_estatus_servicio', '2018-10-18', '14:26:00'),
(1159, 1, '186.46.62.21', 'admin_servicios', 'index', '2018-10-18', '14:26:01'),
(1160, 1, '186.46.62.21', 'login', 'cerrar', '2018-10-18', '14:26:12'),
(1161, NULL, '186.46.62.21', 'login', 'index', '2018-10-18', '14:26:12'),
(1162, NULL, '186.46.62.21', 'login', 'index', '2018-10-19', '09:54:34'),
(1163, NULL, '190.12.35.66', 'login', 'index', '2018-10-19', '09:55:26'),
(1164, NULL, '190.12.35.66', 'login', 'index', '2018-10-19', '09:55:41'),
(1165, 1, '190.12.35.66', 'login', 'index', '2018-10-19', '09:55:43'),
(1166, 1, '190.12.35.66', 'principal', 'index', '2018-10-19', '09:55:45'),
(1167, 1, '190.12.35.66', 'admin_servicios', 'index', '2018-10-19', '09:56:00'),
(1168, 1, '190.12.35.66', 'servicio', 'index', '2018-10-19', '09:56:51'),
(1169, 1, '190.12.35.66', 'admin_servicios', 'buscar_servicio_solucionado', '2018-10-19', '09:56:52'),
(1170, 1, '190.12.35.66', 'servicio', 'registrar_servicio', '2018-10-19', '09:57:30'),
(1171, 1, '190.12.35.66', 'admin_servicios', 'buscar_servicio_solucionado', '2018-10-19', '09:57:30'),
(1172, 1, '190.12.35.66', 'servicio', 'index', '2018-10-19', '09:57:31'),
(1173, 1, '190.12.35.66', 'admin_servicios', 'index', '2018-10-19', '09:57:38'),
(1174, 1, '190.12.35.66', 'admin_servicios', 'buscar_servicio_usuario', '2018-10-19', '09:57:41'),
(1175, 1, '190.12.35.66', 'admin_servicios', 'cambiar_estatus_servicio', '2018-10-19', '09:58:45'),
(1176, 1, '190.12.35.66', 'admin_servicios', 'index', '2018-10-19', '09:58:46'),
(1177, 1, '190.12.35.66', 'login', 'cerrar', '2018-10-19', '09:59:47'),
(1178, NULL, '190.12.35.66', 'login', 'index', '2018-10-19', '09:59:47'),
(1179, NULL, '190.12.35.66', 'login', 'index', '2018-10-19', '10:13:52'),
(1180, NULL, '190.12.35.66', 'login', 'index', '2018-10-19', '10:14:02'),
(1181, 1, '190.12.35.66', 'login', 'index', '2018-10-19', '10:14:03'),
(1182, 1, '190.12.35.66', 'principal', 'index', '2018-10-19', '10:14:03'),
(1183, 1, '190.12.35.66', 'servicio', 'index', '2018-10-19', '10:14:08'),
(1184, 1, '190.12.35.66', 'admin_servicios', 'index', '2018-10-19', '10:14:10'),
(1185, 1, '190.12.35.66', 'admin_servicios', 'buscar_servicio_solucionado', '2018-10-19', '10:14:14'),
(1186, 1, '190.12.35.66', 'servicio', 'registrar_servicio', '2018-10-19', '10:14:38'),
(1187, 1, '190.12.35.66', 'servicio', 'index', '2018-10-19', '10:14:38'),
(1188, 1, '190.12.35.66', 'admin_servicios', 'index', '2018-10-19', '10:14:51'),
(1189, 1, '190.12.35.66', 'admin_servicios', 'buscar_servicio_usuario', '2018-10-19', '10:14:53'),
(1190, 1, '190.12.35.66', 'admin_servicios', 'cambiar_estatus_servicio', '2018-10-19', '10:15:34'),
(1191, 1, '190.12.35.66', 'admin_servicios', 'index', '2018-10-19', '10:15:34'),
(1192, 1, '190.12.35.66', 'admin_servicios', 'index', '2018-10-19', '10:15:57'),
(1193, 1, '190.12.35.66', 'admin_servicios', 'buscar_servicio_solucionado', '2018-10-19', '10:16:00'),
(1194, 1, '190.12.35.66', 'login', 'cerrar', '2018-10-19', '10:16:38'),
(1195, NULL, '190.12.35.66', 'login', 'index', '2018-10-19', '10:16:38'),
(1196, NULL, '190.12.35.66', 'login', 'index', '2018-10-19', '10:54:42'),
(1197, NULL, '190.12.35.66', 'login', 'index', '2018-10-19', '10:54:46'),
(1198, NULL, '190.12.35.66', 'login', 'index', '2018-10-19', '10:55:06'),
(1199, 1, '190.12.35.66', 'login', 'index', '2018-10-19', '10:55:07'),
(1200, 1, '190.12.35.66', 'principal', 'index', '2018-10-19', '10:55:07'),
(1201, 1, '190.12.35.66', 'login', 'index', '2018-10-19', '10:55:11'),
(1202, 1, '190.12.35.66', 'principal', 'index', '2018-10-19', '10:55:12'),
(1203, 1, '190.12.35.66', 'principal', 'index', '2018-10-19', '10:55:28'),
(1204, 1, '190.12.35.66', 'principal', 'index', '2018-10-19', '10:55:28'),
(1205, 1, '190.12.35.66', 'admin_servicios', 'index', '2018-10-19', '10:55:43'),
(1206, 1, '190.12.35.66', 'servicio', 'index', '2018-10-19', '10:55:44'),
(1207, 1, '190.12.35.66', 'admin_servicios', 'buscar_servicio_solucionado', '2018-10-19', '10:55:50'),
(1208, 1, '190.12.35.66', 'servicio', 'registrar_servicio', '2018-10-19', '10:56:04'),
(1209, 1, '190.12.35.66', 'servicio', 'index', '2018-10-19', '10:56:05'),
(1210, 1, '190.12.35.66', 'admin_servicios', 'index', '2018-10-19', '10:56:12'),
(1211, 1, '190.12.35.66', 'admin_servicios', 'buscar_servicio_usuario', '2018-10-19', '10:56:15'),
(1212, 1, '190.12.35.66', 'admin_servicios', 'cambiar_estatus_servicio', '2018-10-19', '10:56:51'),
(1213, 1, '190.12.35.66', 'admin_servicios', 'index', '2018-10-19', '10:56:51'),
(1214, 1, '190.12.35.66', 'servicio', 'index', '2018-10-19', '10:56:58'),
(1215, 1, '190.12.35.66', 'admin_servicios', 'index', '2018-10-19', '10:57:04'),
(1216, 1, '190.12.35.66', 'admin_servicios', 'buscar_servicio_solucionado', '2018-10-19', '10:57:07'),
(1217, 1, '190.12.35.66', 'servicio', 'registrar_servicio', '2018-10-19', '10:57:25'),
(1218, 1, '190.12.35.66', 'servicio', 'index', '2018-10-19', '10:57:25'),
(1219, 1, '190.12.35.66', 'admin_servicios', 'index', '2018-10-19', '10:57:47'),
(1220, 1, '190.12.35.66', 'admin_servicios', 'buscar_servicio_usuario', '2018-10-19', '10:57:50'),
(1221, 1, '190.12.35.66', 'admin_servicios', 'cambiar_estatus_servicio', '2018-10-19', '10:58:18'),
(1222, 1, '190.12.35.66', 'admin_servicios', 'index', '2018-10-19', '10:58:19'),
(1223, NULL, '186.4.170.13', 'login', 'index', '2018-10-19', '13:02:47'),
(1224, NULL, '186.4.170.13', 'login', 'index', '2018-10-19', '13:03:10'),
(1225, 100, '186.4.170.13', 'login', 'index', '2018-10-19', '13:03:11'),
(1226, 100, '186.4.170.13', 'principal', 'index', '2018-10-19', '13:03:11'),
(1227, 100, '186.4.170.13', 'supervisor', 'index', '2018-10-19', '13:03:15'),
(1228, 100, '186.4.170.13', 'admin_servicios', 'buscar_servicio_solucionado', '2018-10-19', '13:03:22'),
(1229, 100, '186.4.170.13', 'pdf', 'reporte_x_empresa', '2018-10-19', '13:03:28'),
(1230, 100, '186.4.170.13', 'pdf', 'reporte_x_empresa_s', '2018-10-19', '13:03:34'),
(1231, 100, '186.4.170.13', 'servicio', 'index', '2018-10-19', '13:03:44'),
(1232, 100, '186.4.170.13', 'servicio', 'index', '2018-10-19', '13:03:47'),
(1233, 100, '186.4.170.13', 'solicitudes', 'index', '2018-10-19', '13:03:53'),
(1234, 100, '186.4.170.13', 'supervisor', 'index', '2018-10-19', '13:03:56'),
(1235, 100, '186.4.170.13', 'admin_servicios', 'buscar_servicio_solucionado', '2018-10-19', '13:04:07'),
(1236, NULL, '181.199.32.2', 'login', 'index', '2018-10-19', '15:43:22'),
(1237, NULL, '181.199.32.2', 'login', 'index', '2018-10-19', '15:43:28'),
(1238, 1, '181.199.32.2', 'login', 'index', '2018-10-19', '15:43:30'),
(1239, 1, '181.199.32.2', 'principal', 'index', '2018-10-19', '15:43:33'),
(1240, 1, '181.199.32.2', 'servicio', 'index', '2018-10-19', '15:43:36'),
(1241, 1, '181.199.32.2', 'servicio', 'registrar_servicio', '2018-10-19', '15:44:23'),
(1242, 1, '181.199.32.2', 'servicio', 'index', '2018-10-19', '15:44:25'),
(1243, 1, '181.199.32.2', 'servicio', 'registrar_servicio', '2018-10-19', '15:45:14'),
(1244, 1, '181.199.32.2', 'servicio', 'index', '2018-10-19', '15:45:14'),
(1245, 1, '181.199.32.2', 'servicio', 'index', '2018-10-19', '15:45:19'),
(1246, 1, '181.199.32.2', 'admin_servicios', 'index', '2018-10-19', '15:45:20'),
(1247, 1, '181.199.32.2', 'admin_servicios', 'buscar_servicio_usuario', '2018-10-19', '15:45:23'),
(1248, 1, '181.199.32.2', 'admin_servicios', 'buscar_servicio_usuario', '2018-10-19', '15:46:25'),
(1249, 1, '181.199.32.2', 'admin_servicios', 'cambiar_estatus_servicio', '2018-10-19', '15:47:04'),
(1250, 1, '181.199.32.2', 'admin_servicios', 'index', '2018-10-19', '15:47:04'),
(1251, 1, '181.199.32.2', 'admin_servicios', 'buscar_servicio_usuario', '2018-10-19', '15:47:08'),
(1252, 1, '181.199.32.2', 'admin_servicios', 'cambiar_estatus_servicio', '2018-10-19', '15:50:19'),
(1253, 1, '181.199.32.2', 'admin_servicios', 'index', '2018-10-19', '15:50:20'),
(1254, NULL, '181.199.32.2', 'login', 'index', '2018-10-19', '15:55:10'),
(1255, 1, '181.199.32.2', 'principal', 'index', '2018-10-19', '16:12:29'),
(1256, NULL, '181.199.32.2', 'login', 'index', '2018-10-19', '16:21:38'),
(1257, NULL, '181.199.32.2', 'login', 'index', '2018-10-19', '16:21:47'),
(1258, 1, '181.199.32.2', 'login', 'index', '2018-10-19', '16:21:47'),
(1259, 1, '181.199.32.2', 'principal', 'index', '2018-10-19', '16:21:48'),
(1260, 1, '181.199.32.2', 'admin_servicios', 'index', '2018-10-19', '16:21:51'),
(1261, 1, '181.199.32.2', 'admin_servicios', 'buscar_servicio_usuario', '2018-10-19', '16:24:03'),
(1262, 1, '181.199.32.2', 'app', 'index', '2018-10-19', '16:24:19');
INSERT INTO `log` (`id`, `id_usuario`, `ip`, `controlador`, `metodo`, `fecha`, `hora`) VALUES
(1263, 1, '181.199.32.2', 'login', 'cerrar', '2018-10-19', '16:24:23'),
(1264, NULL, '181.199.32.2', 'login', 'index', '2018-10-19', '16:24:23'),
(1265, NULL, '184.154.36.1', 'login', 'index', '2018-10-20', '17:23:13'),
(1266, NULL, '138.197.7.10', 'login', 'index', '2018-10-21', '09:30:48'),
(1267, NULL, '184.154.36.1', 'login', 'index', '2018-10-21', '17:25:18'),
(1268, NULL, '207.46.13.45', 'login', 'index', '2018-10-21', '17:30:06'),
(1269, NULL, '181.199.32.2', 'login', 'index', '2018-10-21', '21:49:04'),
(1270, NULL, '181.199.32.2', 'login', 'index', '2018-10-21', '21:49:11'),
(1271, 2, '181.199.32.2', 'login', 'index', '2018-10-21', '21:49:11'),
(1272, 2, '181.199.32.2', 'principal', 'index', '2018-10-21', '21:49:11'),
(1273, 2, '181.199.32.2', 'servicio', 'index', '2018-10-21', '21:49:16'),
(1274, 2, '181.199.32.2', 'servicio', 'registrar_servicio', '2018-10-21', '21:49:49'),
(1275, 2, '181.199.32.2', 'servicio', 'index', '2018-10-21', '21:49:50'),
(1276, 2, '181.199.32.2', 'admin_servicios', 'index', '2018-10-21', '21:49:53'),
(1277, 2, '181.199.32.2', 'admin_servicios', 'buscar_servicio_usuario', '2018-10-21', '21:50:00'),
(1278, 2, '181.199.32.2', 'admin_servicios', 'buscar_servicio_usuario', '2018-10-21', '21:51:27'),
(1279, 2, '181.199.32.2', 'admin_servicios', 'buscar_servicio_usuario', '2018-10-21', '21:51:27'),
(1280, 2, '181.199.32.2', 'admin_servicios', 'buscar_servicio_usuario', '2018-10-21', '21:51:33'),
(1281, 2, '181.199.32.2', 'admin_servicios', 'cambiar_estatus_servicio', '2018-10-21', '21:52:36'),
(1282, 2, '181.199.32.2', 'admin_servicios', 'index', '2018-10-21', '21:52:38'),
(1283, 2, '181.199.32.2', 'admin_servicios', 'buscar_servicio_usuario', '2018-10-21', '21:52:42'),
(1284, 2, '181.199.32.2', 'admin_servicios', 'buscar_servicio_usuario', '2018-10-21', '21:53:39'),
(1285, 2, '181.199.32.2', 'admin_servicios', 'cambiar_estatus_servicio', '2018-10-21', '21:54:57'),
(1286, 2, '181.199.32.2', 'admin_servicios', 'index', '2018-10-21', '21:54:59'),
(1287, 2, '181.199.32.2', 'admin_servicios', 'buscar_servicios_solucionados', '2018-10-21', '21:55:25'),
(1288, 2, '181.199.32.2', 'admin_servicios', 'buscar_servicios_solucionados', '2018-10-21', '21:55:25'),
(1289, 2, '181.199.32.2', 'admin_servicios', 'buscar_servicios_solucionados', '2018-10-21', '21:55:25'),
(1290, 2, '181.199.32.2', 'admin_servicios', 'buscar_servicios_solucionados', '2018-10-21', '21:55:26'),
(1291, 2, '181.199.32.2', 'admin_servicios', 'buscar_servicios_solucionados', '2018-10-21', '21:55:27'),
(1292, 2, '181.199.32.2', 'admin_servicios', 'buscar_servicios_solucionados', '2018-10-21', '21:55:27'),
(1293, 2, '181.199.32.2', 'admin_servicios', 'buscar_servicios_solucionados', '2018-10-21', '21:55:27'),
(1294, 2, '181.199.32.2', 'admin_servicios', 'buscar_servicio_solucionado', '2018-10-21', '21:55:36'),
(1295, 2, '181.199.32.2', 'admin_servicios', 'buscar_servicio_solucionado', '2018-10-21', '21:55:40'),
(1296, 2, '181.199.32.2', 'admin_servicios', 'editar_servicio_s', '2018-10-21', '21:56:18'),
(1297, 2, '181.199.32.2', 'admin_servicios', 'editar_servicio_s', '2018-10-21', '21:56:24'),
(1298, 2, '181.199.32.2', 'solicitudes', 'index', '2018-10-21', '21:58:48'),
(1299, 2, '181.199.32.2', 'admin_servicios', 'index', '2018-10-21', '21:58:51'),
(1300, 2, '181.199.32.2', 'admin_servicios', 'buscar_servicios_solucionados', '2018-10-21', '21:58:56'),
(1301, 2, '181.199.32.2', 'admin_servicios', 'buscar_servicios_solucionados', '2018-10-21', '21:58:56'),
(1302, 2, '181.199.32.2', 'admin_servicios', 'buscar_servicios_solucionados', '2018-10-21', '21:58:57'),
(1303, 2, '181.199.32.2', 'admin_servicios', 'buscar_servicios_solucionados', '2018-10-21', '21:58:58'),
(1304, 2, '181.199.32.2', 'admin_servicios', 'buscar_servicios_solucionados', '2018-10-21', '21:58:58'),
(1305, 2, '181.199.32.2', 'admin_servicios', 'buscar_servicios_solucionados', '2018-10-21', '21:58:59'),
(1306, 2, '181.199.32.2', 'admin_servicios', 'buscar_servicios_solucionados', '2018-10-21', '21:59:01'),
(1307, 2, '181.199.32.2', 'admin_servicios', 'buscar_servicios_solucionados', '2018-10-21', '21:59:01'),
(1308, 2, '181.199.32.2', 'admin_servicios', 'buscar_servicios_solucionados', '2018-10-21', '21:59:01'),
(1309, 2, '181.199.32.2', 'admin_servicios', 'buscar_servicios_solucionados', '2018-10-21', '21:59:01'),
(1310, 2, '181.199.32.2', 'admin_servicios', 'buscar_servicios_solucionados', '2018-10-21', '21:59:01'),
(1311, 2, '181.199.32.2', 'admin_servicios', 'index', '2018-10-21', '21:59:05'),
(1312, 2, '181.199.32.2', 'admin_servicios', 'eliminar_solucion_servicio', '2018-10-21', '21:59:39'),
(1313, 2, '181.199.32.2', 'admin_servicios', 'index', '2018-10-21', '21:59:41'),
(1314, 2, '181.199.32.2', 'admin_servicios', 'buscar_servicios_solucionados', '2018-10-21', '21:59:49'),
(1315, 2, '181.199.32.2', 'admin_servicios', 'buscar_servicios_solucionados', '2018-10-21', '21:59:50'),
(1316, 2, '181.199.32.2', 'admin_servicios', 'buscar_servicios_solucionados', '2018-10-21', '21:59:50'),
(1317, 2, '181.199.32.2', 'admin_servicios', 'buscar_servicio_solucionado', '2018-10-21', '21:59:58'),
(1318, 2, '181.199.32.2', 'pdf', 'reporte_detallado2', '2018-10-21', '22:00:07'),
(1319, 2, '181.199.32.2', 'login', 'cerrar', '2018-10-21', '22:00:25'),
(1320, NULL, '181.199.32.2', 'login', 'index', '2018-10-21', '22:00:25'),
(1321, NULL, '181.199.32.2', 'login', 'index', '2018-10-21', '22:00:58'),
(1322, NULL, '181.199.32.2', 'login', 'index', '2018-10-21', '22:01:10'),
(1323, NULL, '181.199.32.2', 'login', 'index', '2018-10-21', '22:01:19'),
(1324, 100, '181.199.32.2', 'login', 'index', '2018-10-21', '22:01:19'),
(1325, 100, '181.199.32.2', 'principal', 'index', '2018-10-21', '22:01:20'),
(1326, 100, '181.199.32.2', 'supervisor', 'index', '2018-10-21', '22:01:24'),
(1327, 100, '181.199.32.2', 'login', 'cerrar', '2018-10-21', '22:01:44'),
(1328, NULL, '181.199.32.2', 'login', 'index', '2018-10-21', '22:01:44'),
(1329, NULL, '181.199.32.2', 'login', 'index', '2018-10-21', '22:02:00'),
(1330, 29, '181.199.32.2', 'login', 'index', '2018-10-21', '22:02:00'),
(1331, 29, '181.199.32.2', 'principal', 'index', '2018-10-21', '22:02:01'),
(1332, 29, '181.199.32.2', 'supervisor', 'index', '2018-10-21', '22:02:09'),
(1333, 29, '181.199.32.2', 'supervisor', 'buscar_x_fecha', '2018-10-21', '22:02:18'),
(1334, 29, '181.199.32.2', 'servicio', 'index', '2018-10-21', '22:02:34'),
(1335, 29, '181.199.32.2', 'servicio', 'registrar_servicio', '2018-10-21', '22:03:23'),
(1336, 29, '181.199.32.2', 'servicio', 'index', '2018-10-21', '22:03:23'),
(1337, 29, '181.199.32.2', 'solicitudes', 'index', '2018-10-21', '22:03:29'),
(1338, 29, '181.199.32.2', 'login', 'cerrar', '2018-10-21', '22:03:52'),
(1339, NULL, '181.199.32.2', 'login', 'index', '2018-10-21', '22:03:53'),
(1340, NULL, '181.199.32.2', 'login', 'index', '2018-10-21', '22:04:06'),
(1341, 78, '181.199.32.2', 'login', 'index', '2018-10-21', '22:04:07'),
(1342, 78, '181.199.32.2', 'principal', 'index', '2018-10-21', '22:04:08'),
(1343, 78, '181.199.32.2', 'supervisor', 'index', '2018-10-21', '22:04:12'),
(1344, 78, '181.199.32.2', 'supervisor', 'buscar_x_fecha', '2018-10-21', '22:04:21'),
(1345, 78, '181.199.32.2', 'admin_servicios', 'buscar_servicio_solucionado', '2018-10-21', '22:04:30'),
(1346, 78, '181.199.32.2', 'pdf', 'reporte_x_empresa', '2018-10-21', '22:04:56'),
(1347, 78, '181.199.32.2', 'pdf', 'reporte_x_empresa_s', '2018-10-21', '22:05:00'),
(1348, 78, '181.199.32.2', 'login', 'cerrar', '2018-10-21', '22:05:21'),
(1349, NULL, '181.199.32.2', 'login', 'index', '2018-10-21', '22:05:22'),
(1350, NULL, '181.199.32.2', 'login', 'index', '2018-10-21', '22:05:32'),
(1351, 2, '181.199.32.2', 'login', 'index', '2018-10-21', '22:05:33'),
(1352, 2, '181.199.32.2', 'principal', 'index', '2018-10-21', '22:05:34'),
(1353, 2, '181.199.32.2', 'admin_servicios', 'index', '2018-10-21', '22:05:41'),
(1354, 2, '181.199.32.2', 'admin_servicios', 'editar_servicio_s', '2018-10-21', '22:05:54'),
(1355, 2, '181.199.32.2', 'admin_servicios', 'modificar_solucion_servicio', '2018-10-21', '22:06:12'),
(1356, 2, '181.199.32.2', 'admin_servicios', 'buscar_servicio_solucionado', '2018-10-21', '22:06:15'),
(1357, 2, '181.199.32.2', 'admin_servicios', 'editar_servicio_s', '2018-10-21', '22:06:23'),
(1358, 2, '181.199.32.2', 'admin_servicios', 'modificar_solucion_servicio', '2018-10-21', '22:06:28'),
(1359, 2, '181.199.32.2', 'admin_servicios', 'editar_servicio_s', '2018-10-21', '22:06:36'),
(1360, 2, '181.199.32.2', 'admin_servicios', 'modificar_solucion_servicio', '2018-10-21', '22:06:48'),
(1361, 2, '181.199.32.2', 'admin_servicios', 'buscar_servicio_solucionado', '2018-10-21', '22:06:52'),
(1362, 2, '181.199.32.2', 'admin_servicios', 'buscar_servicio_solucionado', '2018-10-21', '22:06:59'),
(1363, 2, '181.199.32.2', 'admin_servicios', 'buscar_servicio_solucionado', '2018-10-21', '22:07:03'),
(1364, 2, '181.199.32.2', 'admin_servicios', 'buscar_servicio_solucionado', '2018-10-21', '22:07:08'),
(1365, 2, '181.199.32.2', 'admin_servicios', 'buscar_servicio_solucionado', '2018-10-21', '22:07:14'),
(1366, 2, '181.199.32.2', 'admin_servicios', 'buscar_servicio_solucionado', '2018-10-21', '22:07:23'),
(1367, 2, '181.199.32.2', 'admin_servicios', 'buscar_servicio_solucionado', '2018-10-21', '22:07:28'),
(1368, 2, '181.199.32.2', 'admin_servicios', 'buscar_servicio_solucionado', '2018-10-21', '22:07:34'),
(1369, 2, '181.199.32.2', 'admin_servicios', 'buscar_servicio_usuario', '2018-10-21', '22:07:40'),
(1370, 2, '181.199.32.2', 'admin_servicios', 'cambiar_estatus_servicio', '2018-10-21', '22:10:08'),
(1371, 2, '181.199.32.2', 'admin_servicios', 'index', '2018-10-21', '22:10:10'),
(1372, 2, '181.199.32.2', 'admin_servicios', 'index', '2018-10-22', '09:17:19'),
(1373, NULL, '186.46.62.21', 'login', 'index', '2018-10-22', '09:50:16'),
(1374, NULL, '190.63.18.14', 'supervisor', 'index', '2018-10-22', '15:27:19'),
(1375, NULL, '190.63.18.14', 'login', 'index', '2018-10-22', '15:27:20'),
(1376, NULL, '190.63.18.14', 'login', 'index', '2018-10-22', '15:27:26'),
(1377, 1, '190.63.18.14', 'login', 'index', '2018-10-22', '15:27:26'),
(1378, 1, '190.63.18.14', 'principal', 'index', '2018-10-22', '15:27:27'),
(1379, 1, '190.63.18.14', 'admin_servicios', 'index', '2018-10-22', '15:27:34'),
(1380, 1, '190.63.18.14', 'admin_servicios', 'buscar_servicio_solucionado', '2018-10-22', '15:27:43'),
(1381, 1, '190.63.18.14', 'principal', 'index', '2018-10-22', '15:28:17'),
(1382, 1, '190.63.18.14', 'principal', 'index', '2018-10-22', '15:28:25'),
(1383, 1, '190.63.18.14', 'solicitudes', 'index', '2018-10-22', '15:28:29'),
(1384, NULL, '66.249.65.14', 'login', 'index', '2018-10-22', '16:18:57'),
(1385, NULL, '184.154.36.1', 'login', 'index', '2018-10-22', '17:20:48'),
(1386, NULL, '186.46.62.21', 'login', 'index', '2018-10-22', '17:50:35'),
(1387, NULL, '186.46.62.21', 'login', 'index', '2018-10-22', '17:51:27'),
(1388, 3, '186.46.62.21', 'login', 'index', '2018-10-22', '17:51:27'),
(1389, 3, '186.46.62.21', 'principal', 'index', '2018-10-22', '17:51:28'),
(1390, 3, '186.46.62.21', 'servicio', 'index', '2018-10-22', '17:51:38'),
(1391, 3, '186.46.62.21', 'servicio', 'registrar_servicio', '2018-10-22', '17:52:32'),
(1392, 3, '186.46.62.21', 'servicio', 'index', '2018-10-22', '17:52:33'),
(1393, 3, '186.46.62.21', 'solicitudes', 'index', '2018-10-22', '17:52:43'),
(1394, 3, '186.46.62.21', 'login', 'cerrar', '2018-10-22', '18:12:25'),
(1395, NULL, '186.46.62.21', 'login', 'index', '2018-10-22', '18:12:26'),
(1396, NULL, '186.46.62.21', 'login', 'index', '2018-10-23', '09:58:30'),
(1397, NULL, '190.63.18.14', 'principal', 'index', '2018-10-23', '10:39:22'),
(1398, NULL, '190.63.18.14', 'login', 'index', '2018-10-23', '10:39:23'),
(1399, NULL, '190.63.18.14', 'login', 'index', '2018-10-23', '10:39:24'),
(1400, NULL, '190.63.18.14', 'login', 'index', '2018-10-23', '10:41:17'),
(1401, 2, '190.63.18.14', 'login', 'index', '2018-10-23', '10:41:32'),
(1402, 2, '190.63.18.14', 'login', 'index', '2018-10-23', '10:42:05'),
(1403, 2, '190.63.18.14', 'principal', 'index', '2018-10-23', '10:42:05'),
(1404, 2, '190.63.18.14', 'servicio', 'index', '2018-10-23', '10:42:10'),
(1405, 2, '190.63.18.14', 'servicio', 'registrar_servicio', '2018-10-23', '10:43:03'),
(1406, 2, '190.63.18.14', 'servicio', 'index', '2018-10-23', '10:43:03'),
(1407, 2, '190.63.18.14', 'admin_servicios', 'index', '2018-10-23', '10:43:08'),
(1408, 2, '190.63.18.14', 'admin_servicios', 'buscar_servicio_usuario', '2018-10-23', '10:43:12'),
(1409, NULL, '190.63.18.14', 'login', 'index', '2018-10-23', '10:44:04'),
(1410, NULL, '190.63.18.14', 'login', 'index', '2018-10-23', '10:44:12'),
(1411, NULL, '190.63.18.14', 'login', 'index', '2018-10-23', '10:44:20'),
(1412, NULL, '190.63.18.14', 'login', 'index', '2018-10-23', '10:44:29'),
(1413, 2, '190.63.18.14', 'login', 'index', '2018-10-23', '10:44:29'),
(1414, 2, '190.63.18.14', 'principal', 'index', '2018-10-23', '10:44:30'),
(1415, 2, '190.63.18.14', 'admin_servicios', 'index', '2018-10-23', '10:44:36'),
(1416, 2, '190.63.18.14', 'admin_servicios', 'buscar_servicio_usuario', '2018-10-23', '10:46:52'),
(1417, 2, '190.63.18.14', 'admin_servicios', 'cambiar_estatus_servicio', '2018-10-23', '10:47:52'),
(1418, 2, '190.63.18.14', 'admin_servicios', 'index', '2018-10-23', '10:47:53'),
(1419, 2, '190.63.18.14', 'admin_servicios', 'buscar_servicio_usuario', '2018-10-23', '10:55:11'),
(1420, 2, '190.63.18.14', 'admin_servicios', 'buscar_servicio_usuario', '2018-10-23', '10:56:38'),
(1421, 2, '190.63.18.14', 'admin_servicios', 'buscar_servicio_usuario', '2018-10-23', '10:56:56'),
(1422, 2, '190.63.18.14', 'admin_servicios', 'buscar_servicio_usuario', '2018-10-23', '10:57:03'),
(1423, 2, '190.63.18.14', 'admin_servicios', 'cambiar_estatus_servicio', '2018-10-23', '10:57:39'),
(1424, 2, '190.63.18.14', 'admin_servicios', 'index', '2018-10-23', '10:57:40'),
(1425, NULL, '186.46.62.21', 'login', 'index', '2018-10-23', '11:07:03'),
(1426, NULL, '186.46.62.21', 'login', 'index', '2018-10-23', '11:07:13'),
(1427, 1, '186.46.62.21', 'login', 'index', '2018-10-23', '11:07:13'),
(1428, 1, '186.46.62.21', 'principal', 'index', '2018-10-23', '11:07:13'),
(1429, 1, '186.46.62.21', 'servicio', 'index', '2018-10-23', '11:11:23'),
(1430, 1, '186.46.62.21', 'servicio', 'registrar_servicio', '2018-10-23', '11:12:27'),
(1431, 1, '186.46.62.21', 'servicio', 'index', '2018-10-23', '11:12:27'),
(1432, 1, '186.46.62.21', 'admin_servicios', 'index', '2018-10-23', '11:12:29'),
(1433, 1, '186.46.62.21', 'admin_servicios', 'buscar_servicio_usuario', '2018-10-23', '11:14:46'),
(1434, NULL, '186.46.62.21', 'login', 'index', '2018-10-23', '11:44:30'),
(1435, NULL, '186.46.62.21', 'login', 'index', '2018-10-23', '11:44:35'),
(1436, 1, '186.46.62.21', 'login', 'index', '2018-10-23', '11:44:36'),
(1437, 1, '186.46.62.21', 'principal', 'index', '2018-10-23', '11:44:36'),
(1438, 1, '186.46.62.21', 'servicio', 'index', '2018-10-23', '11:46:08'),
(1439, 2, '190.63.18.14', 'servicio', 'index', '2018-10-23', '13:08:08'),
(1440, 2, '190.63.18.14', 'servicio', 'registrar_servicio', '2018-10-23', '13:09:04'),
(1441, 2, '190.63.18.14', 'servicio', 'index', '2018-10-23', '13:09:04'),
(1442, 2, '190.63.18.14', 'servicio', 'registrar_servicio', '2018-10-23', '13:10:52'),
(1443, 2, '190.63.18.14', 'servicio', 'index', '2018-10-23', '13:10:53'),
(1444, 2, '190.63.18.14', 'servicio', 'registrar_servicio', '2018-10-23', '13:11:41'),
(1445, 2, '190.63.18.14', 'servicio', 'index', '2018-10-23', '13:11:41'),
(1446, 2, '190.63.18.14', 'servicio', 'index', '2018-10-23', '13:11:47'),
(1447, 2, '190.63.18.14', 'admin_servicios', 'index', '2018-10-23', '13:12:50'),
(1448, 2, '190.63.18.14', 'admin_servicios', 'buscar_servicio_usuario', '2018-10-23', '13:13:02'),
(1449, 2, '190.63.18.14', 'admin_servicios', 'cambiar_estatus_servicio', '2018-10-23', '13:14:19'),
(1450, 2, '190.63.18.14', 'admin_servicios', 'index', '2018-10-23', '13:14:19'),
(1451, 2, '190.63.18.14', 'admin_servicios', 'buscar_servicio_usuario', '2018-10-23', '13:14:25'),
(1452, 2, '190.63.18.14', 'admin_servicios', 'cambiar_estatus_servicio', '2018-10-23', '13:15:57'),
(1453, 2, '190.63.18.14', 'admin_servicios', 'index', '2018-10-23', '13:15:57'),
(1454, NULL, '184.154.36.1', 'login', 'index', '2018-10-23', '17:21:07'),
(1455, 2, '181.199.32.2', 'admin_servicios', 'index', '2018-10-24', '09:19:58'),
(1456, NULL, '186.46.62.21', 'login', 'index', '2018-10-24', '09:57:44'),
(1457, NULL, '181.199.32.2', 'login', 'index', '2018-10-24', '10:07:19'),
(1458, NULL, '181.199.32.2', 'login', 'index', '2018-10-24', '10:07:28'),
(1459, 2, '181.199.32.2', 'login', 'index', '2018-10-24', '10:07:28'),
(1460, 2, '181.199.32.2', 'principal', 'index', '2018-10-24', '10:07:30'),
(1461, 2, '181.199.32.2', 'admin_servicios', 'index', '2018-10-24', '10:07:37'),
(1462, 2, '181.199.32.2', 'admin_servicios', 'buscar_servicios_solucionados', '2018-10-24', '10:07:43'),
(1463, 2, '181.199.32.2', 'admin_servicios', 'buscar_servicios_solucionados', '2018-10-24', '10:07:43'),
(1464, 2, '181.199.32.2', 'admin_servicios', 'buscar_servicios_solucionados', '2018-10-24', '10:07:43'),
(1465, 2, '181.199.32.2', 'admin_servicios', 'buscar_servicios_solucionados', '2018-10-24', '10:07:43'),
(1466, 2, '181.199.32.2', 'admin_servicios', 'buscar_servicios_solucionados', '2018-10-24', '10:07:43'),
(1467, 2, '181.199.32.2', 'admin_servicios', 'buscar_servicios_solucionados', '2018-10-24', '10:07:43'),
(1468, 2, '181.199.32.2', 'admin_servicios', 'buscar_servicios_solucionados', '2018-10-24', '10:07:43'),
(1469, 2, '181.199.32.2', 'admin_servicios', 'buscar_servicios_solucionados', '2018-10-24', '10:07:45'),
(1470, 2, '181.199.32.2', 'admin_servicios', 'buscar_servicios_solucionados', '2018-10-24', '10:07:45'),
(1471, 2, '181.199.32.2', 'admin_servicios', 'buscar_servicios_solucionados', '2018-10-24', '10:07:46'),
(1472, 2, '181.199.32.2', 'admin_servicios', 'buscar_servicios_solucionados', '2018-10-24', '10:07:46'),
(1473, 2, '181.199.32.2', 'admin_servicios', 'buscar_servicios_solucionados', '2018-10-24', '10:07:46'),
(1474, 2, '181.199.32.2', 'admin_servicios', 'buscar_servicios_solucionados', '2018-10-24', '10:07:46'),
(1475, 2, '181.199.32.2', 'admin_servicios', 'buscar_servicios_solucionados', '2018-10-24', '10:07:46'),
(1476, 2, '181.199.32.2', 'admin_servicios', 'buscar_servicios_solucionados', '2018-10-24', '10:07:46'),
(1477, 2, '181.199.32.2', 'admin_servicios', 'buscar_servicios_solucionados', '2018-10-24', '10:07:47'),
(1478, 2, '181.199.32.2', 'admin_servicios', 'buscar_servicios_solucionados', '2018-10-24', '10:07:47'),
(1479, 2, '181.199.32.2', 'admin_servicios', 'buscar_servicios_solucionados', '2018-10-24', '10:07:47'),
(1480, 2, '181.199.32.2', 'admin_servicios', 'buscar_servicios_solucionados', '2018-10-24', '10:07:47'),
(1481, 2, '181.199.32.2', 'admin_servicios', 'buscar_servicios_solucionados', '2018-10-24', '10:07:47'),
(1482, 2, '181.199.32.2', 'admin_servicios', 'buscar_servicios_solucionados', '2018-10-24', '10:07:48'),
(1483, 2, '181.199.32.2', 'admin_servicios', 'buscar_servicios_solucionados', '2018-10-24', '10:07:48'),
(1484, 2, '181.199.32.2', 'admin_servicios', 'buscar_servicios_solucionados', '2018-10-24', '10:07:48'),
(1485, 2, '181.199.32.2', 'admin_servicios', 'buscar_servicios_solucionados', '2018-10-24', '10:07:54'),
(1486, NULL, '181.199.32.2', 'login', 'index', '2018-10-24', '16:14:26'),
(1487, NULL, '181.199.32.2', 'login', 'index', '2018-10-24', '16:14:32'),
(1488, 1, '181.199.32.2', 'login', 'index', '2018-10-24', '16:14:33'),
(1489, 1, '181.199.32.2', 'principal', 'index', '2018-10-24', '16:14:33'),
(1490, 1, '181.199.32.2', 'admin_servicios', 'index', '2018-10-24', '16:14:36'),
(1491, 1, '181.199.32.2', 'admin_servicios', 'buscar_servicios_solucionados', '2018-10-24', '16:14:39'),
(1492, 1, '181.199.32.2', 'admin_servicios', 'buscar_servicios_solucionados', '2018-10-24', '16:14:41'),
(1493, 1, '181.199.32.2', 'admin_servicios', 'buscar_servicios_solucionados', '2018-10-24', '16:14:54'),
(1494, 1, '181.199.32.2', 'admin_servicios', 'buscar_servicios_solucionados', '2018-10-24', '16:14:54'),
(1495, 1, '181.199.32.2', 'admin_servicios', 'buscar_servicios_solucionados', '2018-10-24', '16:14:55'),
(1496, 1, '181.199.32.2', 'admin_servicios', 'buscar_servicio_usuario', '2018-10-24', '16:14:57'),
(1497, 1, '181.199.32.2', 'admin_servicios', 'cambiar_estatus_servicio', '2018-10-24', '16:18:18'),
(1498, 1, '181.199.32.2', 'admin_servicios', 'index', '2018-10-24', '16:18:19'),
(1499, 1, '181.199.32.2', 'admin_servicios', 'buscar_servicio_solucionado', '2018-10-24', '16:18:29'),
(1500, 1, '181.199.32.2', 'admin_servicios', 'editar_servicio_s', '2018-10-24', '16:18:46'),
(1501, 1, '181.199.32.2', 'admin_servicios', 'modificar_solucion_servicio', '2018-10-24', '16:18:50'),
(1502, 1, '181.199.32.2', 'admin_servicios', 'buscar_servicio_solucionado', '2018-10-24', '16:18:54'),
(1503, 1, '181.199.32.2', 'admin_servicios', 'buscar_servicio_usuario', '2018-10-24', '16:20:31'),
(1504, 1, '181.199.32.2', 'app', 'index', '2018-10-24', '16:24:25'),
(1505, 1, '181.199.32.2', 'app', 'buscar_usuario', '2018-10-24', '16:24:34'),
(1506, 1, '181.199.32.2', 'app', 'buscar_usuario', '2018-10-24', '16:24:35'),
(1507, 1, '181.199.32.2', 'app', 'editar_usuario', '2018-10-24', '16:24:40'),
(1508, 1, '181.199.32.2', 'app', 'buscar_roles', '2018-10-24', '16:24:40'),
(1509, 1, '181.199.32.2', 'principal', 'index', '2018-10-24', '16:24:46'),
(1510, 1, '181.199.32.2', 'app', 'index', '2018-10-24', '16:25:33'),
(1511, 1, '181.199.32.2', 'app', 'buscar_usuario', '2018-10-24', '16:25:54'),
(1512, 1, '181.199.32.2', 'app', 'buscar_usuario', '2018-10-24', '16:25:54'),
(1513, 1, '181.199.32.2', 'app', 'editar_usuario', '2018-10-24', '16:25:56'),
(1514, 1, '181.199.32.2', 'app', 'buscar_roles', '2018-10-24', '16:25:57'),
(1515, NULL, '181.199.32.2', 'servicio', 'index', '2018-10-24', '16:45:49'),
(1516, NULL, '181.199.32.2', 'login', 'index', '2018-10-24', '16:45:49'),
(1517, NULL, '181.199.32.2', 'login', 'index', '2018-10-24', '16:45:52'),
(1518, NULL, '181.199.32.2', 'login', 'index', '2018-10-24', '16:45:56'),
(1519, 1, '181.199.32.2', 'login', 'index', '2018-10-24', '16:45:56'),
(1520, 1, '181.199.32.2', 'principal', 'index', '2018-10-24', '16:45:59'),
(1521, 1, '181.199.32.2', 'admin_servicios', 'index', '2018-10-24', '16:46:03'),
(1522, 1, '181.199.32.2', 'admin_servicios', 'buscar_servicios_solucionados', '2018-10-24', '16:46:06'),
(1523, 1, '181.199.32.2', 'admin_servicios', 'buscar_servicios_solucionados', '2018-10-24', '16:46:06'),
(1524, 1, '181.199.32.2', 'admin_servicios', 'buscar_servicios_solucionados', '2018-10-24', '16:46:07'),
(1525, 1, '181.199.32.2', 'admin_servicios', 'buscar_servicios_solucionados', '2018-10-24', '16:46:07'),
(1526, 1, '181.199.32.2', 'admin_servicios', 'buscar_servicios_solucionados', '2018-10-24', '16:50:00'),
(1527, 1, '181.199.32.2', 'admin_servicios', 'buscar_servicios_solucionados', '2018-10-24', '16:50:02'),
(1528, 1, '181.199.32.2', 'admin_servicios', 'buscar_servicios_solucionados', '2018-10-24', '16:50:03'),
(1529, 1, '181.199.32.2', 'admin_servicios', 'buscar_servicios_solucionados', '2018-10-24', '16:50:03'),
(1530, NULL, '181.199.32.2', 'servicio', 'index', '2018-10-24', '16:51:53'),
(1531, NULL, '181.199.32.2', 'login', 'index', '2018-10-24', '16:51:54'),
(1532, 1, '181.199.32.2', 'admin_servicios', 'index', '2018-10-24', '16:56:43'),
(1533, NULL, '181.199.32.2', 'login', 'index', '2018-10-24', '16:59:26'),
(1534, 1, '181.199.32.2', 'login', 'index', '2018-10-24', '16:59:27'),
(1535, 1, '181.199.32.2', 'principal', 'index', '2018-10-24', '16:59:27'),
(1536, 1, '181.199.32.2', 'solicitudes', 'index', '2018-10-24', '17:20:27'),
(1537, NULL, '186.46.62.21', 'login', 'index', '2018-10-25', '09:40:42'),
(1538, NULL, '52.36.251.20', 'login', 'index', '2018-10-25', '12:05:25'),
(1539, 1, '181.199.32.2', 'admin_servicios', 'index', '2018-10-25', '15:13:09'),
(1540, NULL, '184.154.36.1', 'login', 'index', '2018-10-25', '17:17:21'),
(1541, NULL, '184.154.36.1', 'login', 'index', '2018-10-25', '17:18:12'),
(1542, NULL, '186.46.62.21', 'login', 'index', '2018-10-26', '09:52:44'),
(1543, NULL, '181.199.32.2', 'login', 'index', '2018-10-26', '11:36:07'),
(1544, NULL, '186.4.176.13', 'login', 'index', '2018-10-26', '19:04:21'),
(1545, NULL, '186.4.176.13', 'login', 'index', '2018-10-26', '19:04:31'),
(1546, 2, '186.4.176.13', 'login', 'index', '2018-10-26', '19:04:31'),
(1547, 2, '186.4.176.13', 'principal', 'index', '2018-10-26', '19:04:32'),
(1548, 2, '186.4.176.13', 'admin_servicios', 'index', '2018-10-26', '19:04:38'),
(1549, NULL, '186.46.62.21', 'login', 'index', '2018-10-27', '10:29:03'),
(1550, NULL, '181.199.32.2', 'admin_servicios', 'index', '2018-10-27', '14:51:15'),
(1551, NULL, '181.199.32.2', 'login', 'index', '2018-10-27', '14:51:15'),
(1552, NULL, '138.197.7.52', 'login', 'index', '2018-10-28', '05:20:00'),
(1553, NULL, '186.46.62.21', 'login', 'index', '2018-10-29', '10:43:32'),
(1554, NULL, '186.46.62.21', 'login', 'index', '2018-10-29', '11:04:44'),
(1555, NULL, '186.46.62.21', 'login', 'index', '2018-10-29', '11:05:08'),
(1556, 3, '186.46.62.21', 'login', 'index', '2018-10-29', '11:05:09'),
(1557, 3, '186.46.62.21', 'principal', 'index', '2018-10-29', '11:05:09'),
(1558, 3, '186.46.62.21', 'servicio', 'index', '2018-10-29', '11:05:15'),
(1559, NULL, '190.63.18.14', 'login', 'index', '2018-10-29', '12:22:14'),
(1560, NULL, '190.63.18.14', 'principal', 'index', '2018-10-29', '13:03:48'),
(1561, NULL, '190.63.18.14', 'login', 'index', '2018-10-29', '13:03:49'),
(1562, NULL, '190.63.18.14', 'login', 'index', '2018-10-29', '13:04:11'),
(1563, 2, '190.63.18.14', 'login', 'index', '2018-10-29', '13:04:12'),
(1564, 2, '190.63.18.14', 'principal', 'index', '2018-10-29', '13:04:13'),
(1565, 2, '190.63.18.14', 'servicio', 'index', '2018-10-29', '13:04:17'),
(1566, 2, '190.63.18.14', 'admin_servicios', 'index', '2018-10-29', '13:04:21'),
(1567, NULL, '186.46.62.21', 'login', 'cerrar', '2018-10-29', '13:29:08'),
(1568, NULL, '186.46.62.21', 'login', 'index', '2018-10-29', '13:29:08'),
(1569, NULL, '186.46.62.21', 'login', 'index', '2018-10-29', '13:32:01'),
(1570, 3, '186.46.62.21', 'login', 'index', '2018-10-29', '13:32:01'),
(1571, 3, '186.46.62.21', 'principal', 'index', '2018-10-29', '13:32:02'),
(1572, 3, '186.46.62.21', 'servicio', 'index', '2018-10-29', '13:32:07'),
(1573, 3, '186.46.62.21', 'servicio', 'registrar_servicio', '2018-10-29', '13:34:11'),
(1574, 3, '186.46.62.21', 'servicio', 'index', '2018-10-29', '13:34:12'),
(1575, 2, '190.63.18.14', 'servicio', 'index', '2018-10-29', '14:50:51'),
(1576, 2, '190.63.18.14', 'servicio', 'registrar_servicio', '2018-10-29', '14:51:44'),
(1577, 2, '190.63.18.14', 'servicio', 'index', '2018-10-29', '14:51:44'),
(1578, 2, '190.63.18.14', 'servicio', 'registrar_servicio', '2018-10-29', '14:52:23'),
(1579, 2, '190.63.18.14', 'servicio', 'index', '2018-10-29', '14:52:23'),
(1580, 2, '190.63.18.14', 'admin_servicios', 'index', '2018-10-29', '14:52:28'),
(1581, 2, '190.63.18.14', 'admin_servicios', 'buscar_servicio_usuario', '2018-10-29', '14:52:32'),
(1582, NULL, '190.63.18.14', 'login', 'index', '2018-10-29', '14:53:17'),
(1583, 2, '190.63.18.14', 'servicio', 'index', '2018-10-29', '14:53:25'),
(1584, 2, '190.63.18.14', 'servicio', 'registrar_servicio', '2018-10-29', '14:53:56'),
(1585, 2, '190.63.18.14', 'servicio', 'index', '2018-10-29', '14:53:56'),
(1586, NULL, '190.63.18.14', 'login', 'index', '2018-10-29', '14:54:05'),
(1587, 2, '190.63.18.14', 'login', 'index', '2018-10-29', '14:54:05'),
(1588, 2, '190.63.18.14', 'principal', 'index', '2018-10-29', '14:54:06'),
(1589, 2, '190.63.18.14', 'admin_servicios', 'index', '2018-10-29', '14:54:10'),
(1590, 2, '190.63.18.14', 'admin_servicios', 'buscar_servicio_usuario', '2018-10-29', '14:54:13'),
(1591, 2, '190.63.18.14', 'admin_servicios', 'buscar_servicio_usuario', '2018-10-29', '14:54:57'),
(1592, 2, '190.63.18.14', 'admin_servicios', 'buscar_servicio_usuario', '2018-10-29', '14:55:43'),
(1593, 2, '190.63.18.14', 'admin_servicios', 'cambiar_estatus_servicio', '2018-10-29', '14:56:22'),
(1594, 2, '190.63.18.14', 'admin_servicios', 'index', '2018-10-29', '14:56:22'),
(1595, 2, '190.63.18.14', 'admin_servicios', 'buscar_servicio_usuario', '2018-10-29', '14:56:26'),
(1596, 2, '190.63.18.14', 'admin_servicios', 'cambiar_estatus_servicio', '2018-10-29', '14:57:37'),
(1597, 2, '190.63.18.14', 'admin_servicios', 'index', '2018-10-29', '14:57:38'),
(1598, 2, '190.63.18.14', 'admin_servicios', 'buscar_servicio_usuario', '2018-10-29', '14:57:40'),
(1599, 2, '190.63.18.14', 'admin_servicios', 'cambiar_estatus_servicio', '2018-10-29', '14:58:20'),
(1600, 2, '190.63.18.14', 'admin_servicios', 'index', '2018-10-29', '14:58:20'),
(1601, 2, '190.63.18.14', 'admin_servicios', 'buscar_servicio_usuario', '2018-10-29', '14:58:27'),
(1602, 3, '186.46.62.21', 'login', 'cerrar', '2018-10-29', '15:07:16'),
(1603, NULL, '186.46.62.21', 'login', 'index', '2018-10-29', '15:07:17'),
(1604, 2, '190.63.18.14', 'login', 'cerrar', '2018-10-29', '15:17:27'),
(1605, NULL, '190.63.18.14', 'login', 'index', '2018-10-29', '15:17:27'),
(1606, NULL, '190.63.18.14', 'login', 'index', '2018-10-29', '15:17:33'),
(1607, 78, '190.63.18.14', 'login', 'index', '2018-10-29', '15:17:35'),
(1608, 78, '190.63.18.14', 'principal', 'index', '2018-10-29', '15:17:35'),
(1609, 78, '190.63.18.14', 'supervisor', 'index', '2018-10-29', '15:17:42'),
(1610, 78, '190.63.18.14', 'supervisor', 'buscar_x_fecha', '2018-10-29', '15:18:56'),
(1611, 78, '190.63.18.14', 'pdf', 'reporte_x_empresa', '2018-10-29', '15:18:59'),
(1612, 2, '190.12.35.66', 'servicio', 'index', '2018-10-29', '15:37:25'),
(1613, 2, '190.12.35.66', 'servicio', 'registrar_servicio', '2018-10-29', '15:38:10'),
(1614, 2, '190.12.35.66', 'servicio', 'index', '2018-10-29', '15:38:11'),
(1615, 2, '190.12.35.66', 'app', 'index', '2018-10-29', '15:38:12'),
(1616, 2, '190.12.35.66', 'admin_servicios', 'index', '2018-10-29', '15:38:14'),
(1617, 2, '190.12.35.66', 'admin_servicios', 'buscar_servicio_usuario', '2018-10-29', '15:38:18'),
(1618, 2, '190.12.35.66', 'admin_servicios', 'cambiar_estatus_servicio', '2018-10-29', '15:41:02'),
(1619, 2, '190.12.35.66', 'admin_servicios', 'index', '2018-10-29', '15:41:03'),
(1620, NULL, '181.199.32.2', 'login', 'index', '2018-10-29', '16:57:33'),
(1621, NULL, '181.199.32.2', 'login', 'index', '2018-10-29', '16:57:39'),
(1622, 1, '181.199.32.2', 'login', 'index', '2018-10-29', '16:57:39'),
(1623, 1, '181.199.32.2', 'principal', 'index', '2018-10-29', '16:57:40'),
(1624, 1, '181.199.32.2', 'admin_servicios', 'index', '2018-10-29', '16:57:43'),
(1625, 1, '181.199.32.2', 'admin_servicios', 'buscar_servicio_solucionado', '2018-10-29', '16:58:02'),
(1626, 1, '181.199.32.2', 'admin_servicios', 'buscar_servicio_solucionado', '2018-10-29', '16:58:10'),
(1627, 1, '181.199.32.2', 'admin_servicios', 'buscar_servicio_solucionado', '2018-10-29', '16:58:21'),
(1628, 1, '181.199.32.2', 'principal', 'index', '2018-10-29', '16:58:32');

-- --------------------------------------------------------

--
-- Estructura de tabla para la tabla `menu`
--

CREATE TABLE `menu` (
  `id_menu` int(11) NOT NULL,
  `titulo` varchar(50) NOT NULL,
  `enlace` varchar(50) NOT NULL
) ENGINE=InnoDB DEFAULT CHARSET=latin1;

--
-- Volcado de datos para la tabla `menu`
--

INSERT INTO `menu` (`id_menu`, `titulo`, `enlace`) VALUES
(1, 'Inicio', 'principal'),
(2, 'Pedido/Servicio', 'servicio'),
(3, 'Mis Solicitudes', 'solicitudes'),
(4, 'Supervisor', 'supervisor'),
(5, 'Administrar Servicios', 'admin_servicios'),
(6, 'Administrar Usuarios', 'app');

-- --------------------------------------------------------

--
-- Estructura de tabla para la tabla `permisos`
--

CREATE TABLE `permisos` (
  `id_permisos` int(11) NOT NULL,
  `id_menu` int(11) NOT NULL,
  `id_role` int(11) NOT NULL,
  `permiso` int(1) NOT NULL
) ENGINE=InnoDB DEFAULT CHARSET=latin1;

--
-- Volcado de datos para la tabla `permisos`
--

INSERT INTO `permisos` (`id_permisos`, `id_menu`, `id_role`, `permiso`) VALUES
(54, 1, 1, 1),
(55, 2, 1, 1),
(56, 3, 1, 1),
(57, 4, 1, 1),
(58, 5, 1, 1),
(59, 6, 1, 1),
(60, 1, 3, 1),
(61, 2, 3, 1),
(62, 3, 3, 1),
(63, 1, 4, 1),
(64, 2, 4, 1),
(65, 3, 4, 1),
(66, 4, 4, 1);

-- --------------------------------------------------------

--
-- Estructura de tabla para la tabla `role`
--

CREATE TABLE `role` (
  `id_role` int(11) NOT NULL,
  `nombre_role` varchar(100) NOT NULL,
  `peso` int(11) NOT NULL,
  `otro_campo` varchar(100) NOT NULL
) ENGINE=InnoDB DEFAULT CHARSET=latin1;

--
-- Volcado de datos para la tabla `role`
--

INSERT INTO `role` (`id_role`, `nombre_role`, `peso`, `otro_campo`) VALUES
(1, 'Admin', 1, ''),
(3, 'Usuario', 1, ''),
(4, 'Supervisor', 1, '');

-- --------------------------------------------------------

--
-- Estructura de tabla para la tabla `servicio`
--

CREATE TABLE `servicio` (
  `id_servicio` int(11) NOT NULL,
  `pedido` varchar(1000) COLLATE utf8_bin NOT NULL,
  `software` int(11) NOT NULL,
  `hardware` int(11) NOT NULL,
  `funcionamiento` int(11) NOT NULL,
  `otros` varchar(1000) COLLATE utf8_bin NOT NULL,
  `fecha` varchar(100) COLLATE utf8_bin NOT NULL,
  `hora` varchar(100) COLLATE utf8_bin NOT NULL,
  `id_usuario` int(11) NOT NULL,
  `fecha_atencion` varchar(50) COLLATE utf8_bin DEFAULT 'No se agrego',
  `hora_atencion` varchar(50) COLLATE utf8_bin NOT NULL,
  `estatus` varchar(50) COLLATE utf8_bin NOT NULL DEFAULT 'pendiente',
  `imagen_pedido` varchar(100) COLLATE utf8_bin NOT NULL
) ENGINE=InnoDB DEFAULT CHARSET=utf8 COLLATE=utf8_bin;

--
-- Volcado de datos para la tabla `servicio`
--

INSERT INTO `servicio` (`id_servicio`, `pedido`, `software`, `hardware`, `funcionamiento`, `otros`, `fecha`, `hora`, `id_usuario`, `fecha_atencion`, `hora_atencion`, `estatus`, `imagen_pedido`) VALUES
(7, 'Ayuda para cambio de tinta en equipo Epson Caja', 0, 1, 0, '0', '2018-09-27', '11:41:41', 23, '', '', 'solucionado', ''),
(8, 'Revisión de componentes de sistemas de bodega oficina', 0, 0, 0, '', '2018-09-27', '11:52:20', 3, '', '', 'solucionado', ''),
(9, 'Su ayuda revisando equipo de Medardo Moya se registra lentitud en el sistema ', 1, 0, 0, '0', '2018-09-27', '12:15:12', 3, '', '', 'solucionado', ''),
(10, 'Revisión de computador, se presenta lentitud en el uso del equipo', 0, 0, 1, '0', '2018-09-27', '20:23:08', 26, '', '', 'solucionado', 'problema-Drivers Previo aactualizacion.png'),
(11, 'Soporte para servidor Cliente Originarsa, se requiere la construcción de Raid sobre servidor ', 1, 0, 0, '0', '2018-10-01', '10:22:27', 83, '', '', 'solucionado', ''),
(12, 'Ayuda con revisión de impresora para códigos de barras', 0, 0, 1, '0', '2018-10-01', '16:10:52', 20, '', '', 'solucionado', ''),
(13, 'Prueba de impresión para facturación de Ferreteria Ingelcom, no se visualiza impresión en formato establecido ', 0, 0, 1, '0', '2018-10-01', '16:12:36', 20, '', '', 'solucionado', ''),
(14, 'Por favor realizar revisión de equipo de computo, problemas en conexión a internet, se mantiene intermitencias en el servicio.  ', 0, 0, 0, 'Favor revisar el sistema, el mismo se demora al inicializar y apagar ', '2018-10-01', '16:13:58', 18, '', '', 'solucionado', ''),
(15, 'Por favor su ayuda en la revisión de los correos electronicos y que se cumpla el standar de las claves para el personal ', 0, 0, 0, '0', '2018-10-01', '16:17:14', 3, '', '', 'solucionado', ''),
(16, 'Ayuda con su asistencia para la realización de pruebas de encendido para la parte electrica, la cual se generara con el personal de Proyectos. ', 0, 0, 0, '0', '2018-10-01', '16:19:45', 3, '', '', 'solucionado', ''),
(17, 'Darío\r\n \r\nPor favor se puede cambiar el correo a miferreteria@ingelcom.com.ec Gracias', 0, 0, 0, 'Cambio de nombre de correo electrónico ', '2018-10-01', '16:24:42', 3, '', '', 'solucionado', ''),
(18, 'Hola Dario,\r\n\r\nPor favor tu ayuda con el pdf del excel adjunto.\r\n\r\nGracias,\r\n-- \r\n\r\nMaría Cristina Conde\r\nMARKETING Y DESARROLLO DE NEGOCIOS \r\n\r\n\r\n(593) 979 313 928\r\ncconde@ingelcom.com.ec\r\nwww.ingelcom.com.ec\r\nAv. 6 de Diciembre N47-203 y Samuel Fritz\r\nQuito-Ecuador', 0, 0, 0, '0', '2018-10-01', '16:26:39', 7, '', '', 'solucionado', ''),
(19, 'Hola Dario,\r\n\r\nPor favor tu ayuda con el archivo pdf para la impresión de etiquetas del archivo adjunto.\r\n\r\nSaludos,\r\n\r\nCristina Conde', 0, 0, 0, '0', '2018-10-01', '16:27:06', 7, '', '', 'solucionado', ''),
(20, 'Estimado Ingeniero:\r\n\r\nMe acabo de enterar que han cambiado la máquina dispuesta para el vendedor Retail, sin embargo, como le supe manifestar por teléfono, las configuraciones tanto de impresora, como formatos de impresión se encuentran en el otro equipo.\r\n\r\nPor lo tanto, solicito a usted de acuerdo a lo acordado, me ayude el día lunes en la mañana con estas configuraciones puesto que necesitamos hacer las pruebas para poner en marcha el proyecto.\r\n', 0, 0, 0, '0', '2018-10-01', '16:36:19', 9, '', '', 'solucionado', ''),
(21, 'Por favor su ayuda respaldando y formateando el equipo de Emilio ya que esta por salir de viaje. ', 0, 0, 0, '0', '2018-10-01', '16:37:08', 19, '', '', 'solucionado', ''),
(22, 'Su ayuda cambiando de ubicación la cámara de seguridad que apunta a donde se dispone los mostradores. ', 0, 0, 0, '0', '2018-10-01', '16:38:12', 19, '', '', 'solucionado', ''),
(23, 'Ayuda con la instalación de Adobe Ilustrador y Photoshop en equipo MAC de Daniela Jacome. ', 0, 0, 0, '', '2018-10-01', '17:03:51', 19, '', '', 'solucionado', ''),
(24, 'Favor eliminar redireccionamiento de la cuenta de Karla Villacis ', 0, 0, 0, '', '2018-10-01', '18:00:43', 29, '', '', 'solucionado', ''),
(26, 'Revisión a cuenta de correo al momento se presenta mensajes de bloqueo en cuenta. ', 0, 0, 0, 'Inconvenientes en cuenta de correo ', '2018-10-02', '05:55:10', 56, '', '', 'solucionado', 'problema-Captura de pantalla 2018-10-02 a la(s) 06.40.02.png'),
(35, 'Dari,\r\nPor favor tu ayuda con el ingreso en mi laptop con el nuevo sistema contable, ya que no me deja ingresar de ninguna manera.\r\n \r\nAna Karina Rodriguez\r\nFirma LexvalorResol\r\n \r\n ', 1, 0, 0, '0', '2018-10-02', '10:30:06', 30, '', '', 'solucionado', ''),
(36, 'Ayuda revisando mensaje de error en outlook ', 0, 0, 1, '0', '2018-10-02', '10:44:10', 78, '', '', 'solucionado', ''),
(37, 'Su ayuda para colocar unos respaldos de correo en mi outlook para revisión ', 0, 0, 0, 'Restauración de respaldos', '2018-10-02', '10:50:46', 79, '', '', 'solucionado', ''),
(38, 'Por favor su ayuda actualizando el sistema operativo de mi equipo de trabajo. ', 0, 0, 0, 'Actualización de sistema operativo ', '2018-10-02', '13:04:57', 84, '', '', 'solucionado', ''),
(39, 'Por favor su ayuda revisando la conexión de los aplicativos de banca en el computador, se requiere del Banco del Pichincha, Bolivariano y Pacifico ', 1, 0, 0, '0', '2018-10-02', '17:14:26', 19, '', '', 'solucionado', ''),
(40, 'Ayuda con el cable red de mi computador, al momento se tiene aprobado el cambio del mismo. ', 0, 1, 0, '0', '2018-10-02', '17:16:34', 18, '', '', 'solucionado', ''),
(41, 'Su ayuda para revisar mi equipo, el mismo se apago y no enceciende, se requiere la información del equipo. ', 0, 0, 1, '0', '2018-10-03', '06:51:41', 89, '', '', 'solucionado', ''),
(42, 'Su ayuda con la instalación del Framework 3.5 para el funcionamiento del Time Billing', 0, 0, 0, '0', '2018-10-03', '09:35:30', 59, '', '', 'solucionado', ''),
(43, 'Su ayuda con la revisión de la impresora ya que al momento no permite la impresión. ', 1, 0, 0, '0', '2018-10-03', '11:12:27', 43, '', '', 'solucionado', ''),
(44, 'Su ayuda con la revisión de mi equipo ya que al momento la impresión de documentos imprime en horizontal ', 1, 0, 0, '0', '2018-10-03', '11:15:38', 41, '', '', 'solucionado', ''),
(45, 'Por favor tu ayuda elevando a garantía el equipo de Mayra ya que al momento presente ruido en el ventilador. ', 0, 0, 0, 'Proceso de garantía', '2018-10-03', '16:58:27', 78, '', '', 'solucionado', ''),
(46, 'Ayuda con recuperación de la información de equipo asignado  ', 0, 0, 0, '0', '2018-10-03', '19:39:39', 89, '', '', 'solucionado', ''),
(47, 'Ayuda con cambio de computador temporal hasta envio de equipo a garantía. ', 0, 0, 0, '0', '2018-10-04', '15:52:07', 79, '', '', 'solucionado', ''),
(48, 'Ayuda con respaldo de información del equipo de Mayra León previo al envió a Garantía. ', 0, 0, 0, 'Servicio de garantia. ', '2018-10-04', '15:59:42', 78, '', '', 'solucionado', ''),
(49, 'Ayuda con revisión de mi cuenta de correo, al momento se presentan mensajes de spam sobre la bandeja de entrada. ', 0, 0, 1, '0', '2018-10-04', '16:34:52', 76, '', '', 'solucionado', ''),
(50, 'Por favor  tu ayuda con dos nuevas direcciones de  correo para lextax\r\nFacturacion-lextax@lexvalor.com\r\nContabilidad-lextax@lexvalor.com', 0, 0, 0, 'Creación cuentas de correo ', '2018-10-04', '19:37:31', 78, '', '', 'solucionado', ''),
(51, 'Su ayuda con la obtención de un respaldo del correo electrónico del personal que ha salido de la empresa, por favor iniciar con Cristina Conde, Vicky Parra y Christian. ', 0, 0, 0, 'Solicitud de backup de correo. ', '2018-10-04', '20:18:57', 19, '', '', 'solucionado', ''),
(54, 'Su ayuda reinstalando el sistema FIRE y revisando o actualizando de mi ofice del equipo por favor. ', 0, 0, 0, '0', '2018-10-05', '16:02:23', 9, '', '', 'solucionado', ''),
(55, 'Ayuda ingresando a la lista de contactos las siguientes direcciones por pedido de Karla Villacis. \r\n Johanna.valverde@ec.luxottica.com\r\nMariuxi.palma@ec.luxottica.com\r\nFernando.romero@ec.luxottica.com', 0, 0, 0, 'Email a lista de envios. ', '2018-10-06', '14:10:59', 29, '', '', 'solucionado', ''),
(56, 'Ayuda con la revisión de mi computador, el mismo presenta lentitud en su funcionamiento. ', 1, 0, 0, '0', '2018-10-09', '07:00:31', 47, '', '', 'solucionado', ''),
(57, 'Ayuda con la revisión de mi computador, el mismo presenta lentitud en su funcionamiento, adicional que se presenta inconvenientes seguidos con la tarjeta de red inalámbrica. ', 1, 0, 0, '0', '2018-10-09', '07:01:18', 39, '', '', 'solucionado', ''),
(58, 'Ayuda colocando mensaje de respuesta a mi correo en mi ausencia. \r\nEstaré fuera de oficina del 9 al  23 de octubre inclusive, sin acceso a correo electrónico. Por favor contactarse con el Ab. Juan Francisco Almeida (jalmeida@lexvalor.com) y Ab. Ana San Andrés (asanandres@lexvalor.com) \r\n ', 0, 0, 0, '0', '2018-10-09', '07:02:18', 44, '', '', 'solucionado', ''),
(59, 'Por favor su seguimiento a mi proceso de garantia del equipo. ', 0, 0, 0, 'Proceso de garantia. ', '2018-10-09', '07:12:36', 26, '', '', 'solucionado', ''),
(60, 'Su ayuda con la revisión de un equipo portátil para oficina. ', 0, 0, 0, '0', '2018-10-09', '14:34:39', 19, '', '', 'solucionado', ''),
(61, 'Por favor tu ayuda configurando mi correo para que todos los correos que se reciban se direccionen a Isabel.\r\n \r\nAsimismo, tu ayuda poniendo el mensaje de ausencia desde el 10 de octubre hasta el 25 de octubre inclusive. En caso de urgencias, contactarse con Isabel Samaniego o Margoth Chiriboga.', 0, 0, 0, 'Ayuda con redireccionamiento y mensaje de ausencia. ', '2018-10-10', '05:43:42', 58, '', '', 'solucionado', ''),
(62, 'Su ayuda con la verificación de mi equipo, el mismo esta presentando lentitud excesiva en el funcionamiento y la batería ya no carga. ', 0, 0, 0, '0', '2018-10-11', '13:19:00', 50, '', '', 'solucionado', ''),
(63, 'Ayuda con revision de aplicaciones para video conferencia en mi equipo', 0, 0, 1, '0', '2018-10-12', '13:49:32', 47, '', '', 'solucionado', ''),
(64, 'Ayuda con la configuración de la cuenta de contabilidad_lextax@lexvalor.com.', 0, 0, 0, '0', '2018-10-15', '12:26:27', 73, '', '', 'solucionado', ''),
(65, 'Su ayuda con la instalación de Skype for bussines en mi computador para uso en video conferencia. ', 0, 0, 0, '0', '2018-10-15', '14:38:26', 79, '', '', 'solucionado', ''),
(66, 'Por favor su ayuda con la restauración del equipo e información de mi equipo posterior a la aplicación de garantia en el equipo. ', 0, 0, 0, '0', '2018-10-15', '14:39:24', 79, '', '', 'solucionado', ''),
(67, 'Tu ayuda con el traslado para la entrega del equipo de Danny Espinosa a garantía de HP.', 0, 0, 0, '0', '2018-10-15', '18:31:54', 78, '', '', 'solucionado', ''),
(68, 'Tu ayuda con el retiro del equipo de Mayra Leon del centro de garantía de HP.', 0, 0, 0, '0', '2018-10-15', '18:32:44', 78, '', '', 'solucionado', ''),
(69, 'Su ayuda con la configuración de mi cuenta de correo de Lexvalor sobre mi computador. ', 0, 0, 0, '0', '2018-10-15', '18:46:51', 102, '', '', 'solucionado', ''),
(70, 'Su ayuda con la instalación de Office e inicialización de mi computador, asi como la impresora sobre mi equipo. También por favor el respaldo y restauración de la información sobre el nuevo computador. ', 0, 0, 0, '0', '2018-10-15', '18:48:28', 89, '', '', 'solucionado', ''),
(71, 'Por favor cambio de clave al siguiente correo:  tecsupervisor@ingelcom.com.ec; es para Angel Guallpa nuevo supervisor de taller, Numero de cedula 1721321717\r\n ', 0, 0, 0, '0', '2018-10-15', '20:11:21', 3, '', '', 'solucionado', ''),
(72, 'Su ayuda cambiando el correo de Marketing hacia el señor Daniel Ricardo Maldonado Lara con CI: 1718382474', 0, 0, 0, '0', '2018-10-15', '20:12:53', 3, '', '', 'solucionado', ''),
(73, 'Por favor solicito ayuda con el mantenimiento de software en mi equipo.', 1, 0, 0, '0', '2018-10-16', '08:14:51', 73, '', '', 'solucionado', ''),
(74, 'Por favor su ayuda con el redireccionamiento de la cuenta de Cristina Conde hacia marketing', 0, 0, 0, '', '2018-10-16', '09:47:00', 3, '', '', 'solucionado', ''),
(75, 'Por favor solicito ayuda con el mantenimiento de software en mi equipo.', 1, 0, 0, '0', '2018-10-17', '08:25:56', 80, '', '', 'solucionado', ''),
(76, 'Por favor solicito ayuda con el mantenimiento de software en mi equipo.', 1, 0, 0, '0', '2018-10-17', '09:11:15', 69, '', '', 'solucionado', ''),
(77, 'Por favor solicito ayuda con el mantenimiento de software en mi equipo.', 1, 0, 0, '0', '2018-10-17', '09:17:03', 103, '', '', 'solucionado', ''),
(78, 'Por favor solicito ayuda con el mantenimiento de software en mi equipo.', 1, 0, 0, '0', '2018-10-18', '07:45:39', 77, '', '', 'solucionado', ''),
(79, 'Por favor solicito ayuda con el mantenimiento de software en mi equipo.', 1, 0, 0, '0', '2018-10-18', '08:05:14', 74, '', '', 'solucionado', ''),
(80, 'Por favor solicito ayuda con el mantenimiento de software en mi equipo.', 1, 0, 0, '0', '2018-10-18', '08:35:50', 81, '', '', 'solucionado', ''),
(81, 'revision de mi equipo, esta lento', 1, 0, 0, '0', '2018-10-18', '11:38:28', 19, '2018-10-18', '12:40', 'pendiente', ''),
(82, 'Por favor la elaboracion definitiva del inventario de equipos  de todas las areas.', 0, 0, 0, '0', '2018-10-18', '11:52:10', 19, '', '', 'pendiente', ''),
(83, 'favor Dario  realizar cronograma para mantenimiento de equipos de toda la empresa, incluido el servidor. Muchas gracias\r\n', 0, 0, 0, '0', '2018-10-18', '11:53:21', 19, '', '', 'pendiente', ''),
(84, 'Favor configuracion de impresora en area de RR.HH.\r\n', 0, 0, 0, '0', '2018-10-18', '11:58:39', 19, '', '', 'solucionado', ''),
(85, 'Instalacion del sistema Fyre en el equipo de Daniel del equipo de marketing.\r\n', 0, 0, 0, '0', '2018-10-18', '12:04:00', 19, '', '', 'solucionado', ''),
(86, 'Por favor solicito ayuda con el mantenimiento de software en mi equipo.', 1, 0, 0, '0', '2018-10-19', '07:57:30', 68, '', '', 'solucionado', ''),
(87, 'Por favor solicito ayuda con el mantenimiento de software en mi equipo.', 1, 0, 0, '0', '2018-10-19', '08:14:38', 71, '', '', 'solucionado', ''),
(88, 'Por favor solicito ayuda con el mantenimiento de software en mi equipo.', 1, 0, 0, '0', '2018-10-19', '08:56:04', 82, '', '', 'solucionado', ''),
(89, 'Por favor solicito ayuda con el mantenimiento de software en mi equipo.', 1, 0, 0, '0', '2018-10-19', '08:57:25', 78, '', '', 'solucionado', ''),
(90, 'Ayuda para ir retirando el equipo de garantía de Danny Espinosa.', 0, 0, 0, '0', '2018-10-19', '13:44:23', 78, '', '', 'solucionado', ''),
(91, 'Ayuda con la restauración y configuración del equipo de Danny Espinosa.', 0, 0, 0, '0', '2018-10-19', '13:45:14', 78, '', '', 'solucionado', ''),
(92, 'Favor incluir dentro de la base de datos a los siguientes correos de la gente de Siemens\r\n \r\n-          paul.abad@siemens.com\r\n-          maria.urbina@siemens.com', 0, 0, 0, '0', '2018-10-21', '19:49:49', 78, '', '', 'solucionado', ''),
(93, 'Por favor tu ayuda instalando la pantalla a Karla Villacis y la camara web para video conferencia. ', 0, 0, 0, 'Instalación de equipos', '2018-10-21', '20:03:23', 29, '2018-10-22', '17:00', 'solucionado', ''),
(94, 'LA COMPUTADORA DE MEDARDO MOYA SE A REINICIADO TRES VECES EN EL DIA, Y AHORA SE QUEDO EN NEGRO Y NO HAY COMO PRENDERLA.', 0, 0, 0, '', '2018-10-22', '15:52:32', 3, '2018-10-23', '', 'pendiente', ''),
(95, 'Su ayuda revisando mi word ya que se presenta un mensaje en el mismo', 0, 0, 0, '0', '2018-10-23', '08:43:03', 97, '', '', 'solucionado', ''),
(96, 'Ayuda con la instalacion de los programas de Microsoft Project y Microsoft visio', 0, 0, 0, '0', '2018-10-23', '09:12:27', 17, '', '', 'solucionado', ''),
(97, 'Tu ayuda para revisar el logo del sistema para facturacion electronica sobre el sistema ', 0, 0, 0, '0', '2018-10-23', '11:09:04', 29, '', '', 'solucionado', ''),
(98, 'Tu ayuda revisando mi pie de firma para que no se pixele o ampliee al momento de llegar a los clientes por favor. ', 0, 0, 0, '0', '2018-10-23', '11:10:52', 56, '', '', 'solucionado', ''),
(99, 'Tu ayuda configurando la cuenta de correo a José Gabriel para que pueda revisar los correos en su celular. ', 0, 0, 0, '0', '2018-10-23', '11:11:41', 56, '', '', 'pendiente', ''),
(100, 'Inconvenientes con el biometrico sin informacion en el mismo, ya le reporte por watsap', 0, 0, 0, '', '2018-10-29', '11:34:11', 3, '2018-10-29', '', 'pendiente', ''),
(101, 'Tu ayuda habilitando una tarjeta de acceso a las oficinas. ', 0, 0, 0, '0', '2018-10-29', '12:51:44', 47, '', '', 'solucionado', ''),
(102, 'Tu ayuda revisando el acceso al sistema ya que el mismo se bloquea en conexión al sistema SBS', 0, 0, 0, '0', '2018-10-29', '12:52:23', 45, '', '', 'solucionado', ''),
(103, 'Tu ayuda revisando mi computador ya que me muestra mensajes sobre la licencia del mismo ', 0, 0, 0, '0', '2018-10-29', '12:53:56', 73, '', '', 'solucionado', ''),
(104, 'Su ayuda con la revisión de mi equipo ya que al momento aún persiste de inconvenientes en el Outlook. ', 0, 0, 0, '0', '2018-10-29', '13:38:10', 77, '', '', 'solucionado', '');

-- --------------------------------------------------------

--
-- Estructura de tabla para la tabla `solucion_servicio`
--

CREATE TABLE `solucion_servicio` (
  `id_solucion` int(11) NOT NULL,
  `observacion` varchar(1000) COLLATE utf8_bin NOT NULL,
  `fecha_solucion` varchar(200) COLLATE utf8_bin NOT NULL,
  `hora_solucion` varchar(200) COLLATE utf8_bin NOT NULL,
  `id_servicio` int(11) NOT NULL,
  `imagen_solucion` varchar(200) COLLATE utf8_bin NOT NULL,
  `fecha_inicio` varchar(200) COLLATE utf8_bin NOT NULL,
  `hora_inicio` varchar(200) COLLATE utf8_bin NOT NULL,
  `id_usuario_sol` int(11) NOT NULL
) ENGINE=InnoDB DEFAULT CHARSET=utf8 COLLATE=utf8_bin;

--
-- Volcado de datos para la tabla `solucion_servicio`
--

INSERT INTO `solucion_servicio` (`id_solucion`, `observacion`, `fecha_solucion`, `hora_solucion`, `id_servicio`, `imagen_solucion`, `fecha_inicio`, `hora_inicio`, `id_usuario_sol`) VALUES
(8, 'Se verifica que el equipo estaba cerrada la llave de paso de tinta, se procede a realizar limpieza de cabezales en el equipo y pruebas de funcionamiento ', '2018-09-27', '12:49', 7, '', '2018-09-27', '12:20', 1),
(9, 'Se verifica lo solicitado e indica lo que se debería desechar ', '2018-09-27', '13:19', 8, 'solucion-image.jpg', '2018-09-27', '12:55', 1),
(10, 'Se procede con la deshabilitacion de actualizaciones, bloqueo de aplicaciones en la inicializacion del sistema, adicional se indica al usuario que el equipo se encuentra trabajando a la capacidad máxima del equipo ', '2018-09-27', '13:40', 9, 'solucion-image.jpg', '2018-09-27', '13:18', 1),
(11, 'Se procede con la revisión del equipo, se verifica que existen dirvers por actualizar en el equipo, se actualiza driver del BIOS del equipo, al momento se verifica la actualización de todos los drivers ', '2018-09-27', '21:26', 10, 'solucion-Drivers Solucionados.png', '2018-09-27', '18:00', 1),
(13, 'Se realiza la eliminación del RAID 1, a fin de crear dos volumenes de unidad bajo modalidad RAID 1, sobre el volumen 1 se establece el disco 1 y 2 para el mismo, el citado contendra el Sistema Operativo del equipo, para el volumen 2 se establece el disco 3 y 4, el mismo se indica que será utilizado para Backup', '2018-10-01', '13:26', 11, 'solucion-Originarsa.jpg', '2018-10-01', '10:00', 2),
(14, 'Se realiza la migración de las configuraciones establecidas en el equipo original de Ferreteria para la impresión rápida en impresora termica. ', '2018-10-01', '10:50', 20, '', '2018-09-03', '08:30', 2),
(17, 'Se procede con la instalación de los aplicativos solicitados, los mismos se realizan en oficina de Cotedem. ', '2018-10-01', '11:00', 23, '', '2018-09-22', '10:00', 2),
(18, 'Se procede con el cambio de ubicación de la cámara solicitada, se ejecuta pruebas de visualización por parte de RRHH.\r\nSe incrementa cableado UTP para la conexión en un segmento de 10 metros, el cliente proporciona caja sobre puesta para el cableado. ', '2018-10-01', '10:45', 22, '', '2018-09-19', '08:30', 2),
(19, 'Se procede con el respaldo de la información, se entrega la información en un disco externo, se procede con el formateo y reinstalación del sistema operativo y aplicativos de ofimatica, se instala licencia de antivirus eset internet security. ', '2018-10-01', '14:00', 21, '', '2018-09-12', '08:00', 2),
(20, 'Se procede con el cambio del correo solicitado. ', '2018-09-10', '15:33', 17, '', '2018-09-10', '15:15', 2),
(21, 'Se procede con la revisión del cableado del equipo, el mismo presenta intermitencias, se recomienda el cableado de dicha sección, se revisa adicional el computador del usuario, realizando pruebas de encendido y apagado, los cuales pasan o funcionan dentro de los parámetros normales, las inconsistencias o demoras podrian deberse a instalaciones de actualizaciones. \r\nSe procederá con el cambio del cableado posterior a la autorización de Gerencia.', '2018-10-01', '11:00', 14, '', '2018-09-26', '08:30', 2),
(22, 'Se procede con la revisión de los mismos, se elimina cuentas pendientes del personal que ya no pertenece a la empresa, se genera un nuevo archivo de correos vigentes y sus contraseñas.', '2018-10-01', '09:45', 15, '', '2018-09-10', '08:00', 2),
(23, 'Se procede al apagado de los equipos previo a la ejecución de las pruebas de conexión de la interfaz electrica de respaldo o contingencia, de las pruebas realizadas se verifica que existe puntos electricos de conexión que estan emitiendo 220 voltios, por lo que se realizara una nueva prueba de encendido posterior a la revisión técnica de los puntos eléctricos. ', '2018-09-01', '13:50', 16, '', '2018-09-01', '11:45', 2),
(24, 'Se procede a la explicación del formato generado para la emisión de etiquetas de códigos de barras, se procede a pruebas de impresión en el equipo de Ferreteria, en el cual se denota que no genera una impresión idonea, se recomienda la impresión en el equipo de bodega. ', '2018-10-01', '10:30', 12, '', '2018-09-13', '08:30', 2),
(25, 'Se ejecuta pruebas de impresión del formato establecido, de las pruebas realizadas se verifica que la impresion es idonea en función al formato pre establecido. ', '2018-10-01', '10:48', 13, '', '2018-09-13', '10:35', 2),
(26, 'Se genera etiquetas con códigos de barras para Ferreteria, se utiliza aplicación propietaria de Cotedem. Se entrega códigos generados en formato PDF para que puedan imprimir en equipo de Bodega. ', '2018-09-04', '15:45', 19, '', '2018-09-04', '15:00', 2),
(27, 'Se genera etiquetas con códigos de barras para Ferreteria, se utiliza aplicación propietaria de Cotedem. Se entrega códigos generados en formato PDF para que puedan imprimir en equipo de Bodega. ', '2018-09-12', '12:30', 18, '', '2018-09-12', '11:45', 2),
(29, 'Se procede con el cambio de contraseña por seguridad, y a la deshabilitación de la cuenta para forzar la desconexión de la cuenta de cualquier equipo a nivel mundial. Con los cambios realizados se verifica que los mensajes de envió fallido continua. \nSe escala inconveniente con soporte de Microsoft, en la revisión a la cuenta se verifica que la cuenta de Mchiriboga@lexvalor.com, no presenta conexiones anormales en la cuenta. \nSe verifica si sobre la cuenta se mantiene cuentas asociadas y se establece que la cuenta de Daniel Lopez posee un reenvió a la cuenta, se verifica que la cuenta esta siendo atacada por varios servidores desde Korea y diferentes países, se procede con el bloqueo de la cuenta y cambio de contraseña, adicional se elimina el redireccionamiento para verificación y bloqueo del envió de correo. ', '2018-10-02', '08:40', 26, 'solucion-Captura de pantalla 2018-10-02 a la(s) 08.37.31.png', '2018-10-02', '06:30', 2),
(30, 'Se procede con la carga del respaldo al equipo en Outlook. ', '2018-10-02', '11:59', 37, 'solucion-Respaldo restaurado.png', '2018-10-02', '11:40', 2),
(31, 'Se verifica conexión y elimina restricción para conexión a servidor ', '2018-10-02', '12:29', 35, 'solucion-image.jpg', '2018-10-02', '12:12', 2),
(32, 'Se procede con la actualización de sistema a la versión Capitan 10.11.6, equipo vuelve a inicializar con la información original y aplicativos correspondientes. \nSe procede con la instalación de Desktop Remote App y One Drive por pedido del usuario. ', '2018-10-02', '02:25', 38, 'solucion-Captura de pantalla 2018-10-02 a las 2.15.05 p.m..png', '2018-10-02', '01:15', 2),
(33, 'Se procede con la revisión y determina que el error hace referencia a un archivo temporal creado automaticamente en el proceso de migración del equipo. Se corrije error y vuelve a iniciar el programa Outlook el cual no presenta inconvenientes. ', '2018-10-02', '14:48', 36, 'solucion-Outlook.png', '2018-10-02', '14:35', 2),
(34, 'Se procede con el cambio de cableado UTP para el punto de red del equipo, se realiza el cambio y establece pruebas de conexión las cuales resultan exitosas. ', '2018-10-02', '15:20', 40, '', '2018-10-02', '13:30', 2),
(35, 'Se establece los portales de los bancos solicitados como portales seguros y se establece la vista de compatibilidad para todos los portales. Se establece como portales de inicio a los bancos establecidos. ', '2018-10-02', '17:00', 39, '', '2018-10-02', '16:13', 2),
(38, 'Se procede con la actualización del instalador sobre el equipo actual instalado, ya que anterior se encontraba otro equipo en préstamo, se ejecuta pruebas de impresión las cuales resultan exitosas. ', '2018-10-03', '11:55', 43, '', '2018-10-03', '11:45', 2),
(39, 'Se procede con la revisión del equipo y se verifica y actualiza las configuraciones en el driver de la impresora, se ejecutas pruebas de impresion las cuales resultan exitosas. ', '2018-10-03', '11:30', 44, '', '2018-10-03', '11:10', 2),
(40, 'Se ejecuta la instalación del complemento Framework 3.5 y también de la aplicación de Time Billing en todos los usuarios que realizan sus actividades de LEXVALOR - FIDEVAL.\r\nSe valida link para funcionamiento del aplicativo con el soporte de la herramienta (http://lexvalor.thetimebilling.com/time_tracking).', '2018-10-03', '14:00', 42, '', '2018-10-03', '10:00', 2),
(41, 'Se procede con la llamada al call center de HP (1800225528/8007112884) para la apertura del caso, se realiza el registro del equipo modelo IGR50LAFABM serie 8CG80101QY en la misma bajo asistencia remota se procede con la actualización del BIOS y pruebas de encendido, asi como pruebas de funcionamiento a nivel de BIOS, en las cuales persiste el ruido en el equipo, por lo que el equipo de HP procede abrir el caso para un centro de servicio bajo orden BNBG7951-01. \r\n\r\nSe indica que en el centro de servicio local procederá dentro de las 24 a 72 horas a comunicarse para indicar donde se debe entregar el equipo para la revisión, se recomienda el respaldo de la información debido a que el centro de servicio puede proceder con el formateo del equipo.  ', '2018-10-03', '18:05', 45, '', '2018-10-03', '16:45', 2),
(42, 'Se procede con la recuperación de la información del usuario sobre el equipo original, el respaldo de la información se procede a respaldar en el one drive del usuario a fin de que pueda utilizar inmediatamente. \r\n\r\nAl equipo se lo mantuvo bajo observación por un periodo de 8 horas de funcionamiento, sobre el mismo se presenta calentamiento en la parte posterior superior el cual se debe a posibles fallas y recalentamiento en su disco duro, se recomienda el cambio del disco para un normal funcionamiento. \r\nAdicional sobre el equipo se procede a ejecutar una actualización recomenda para el equipo la cual posterior a la descarga no se ejecuta correctamente sin finalizar la misma y generando un mayor calentamiento sobre el disco, por lo que se restaura a una etapa de funcionamiento previa a la actualización. ', '2018-10-03', '18:00', 46, 'solucion-428Captura de pantalla 2018-10-03 a la(s) 20.24.25.png', '2018-10-03', '16:00', 2),
(43, 'Se procede con la implementación de un computador temporal, hasta el envio y revisión del equipo a garantía, se verifica el acceso al Office en la nube para uso del correo y acceso a One Drive del usuario, se realiza una prueba de impresión para verificar que la misma este operativa. ', '2018-10-04', '13:35', 47, '', '2018-10-04', '13:00', 2),
(44, 'Se procede con el respaldo de la información previo a la entrega del equipo en garantía, se enviá el equipo a garantía y se genera la orden BNBG795101, se indica por parte del receptor del equipo que posiblemente el mismo sea formateado.', '2018-10-04', '17:00', 48, 'solucion-761Epson_10042018150922.jpg', '2018-10-04', '15:30', 2),
(45, 'Se procede a realizar un cambio de contraseña, se verifica mediante la consola de administración y auditoria las direcciones IP de donde se están brindando estos ataques, los cuales recaen en países como Japon, Rusia, entre otros, adicional a las 14:10 se procede a un cierre forzado de conexión sobre la cuenta a fin eliminar cualquier ingreso no autorizado sobre la cuenta, se verifica el funcionamiento de las reglas para bloquedo de mensajes no autorizados y posibles ataques de fishing sobre cuenta y servicio. \r\nSe procederá con un monitoreo por 24 horas para la verificación de posibles nuevos ataques que se puedan dar a la cuenta. ', '2018-10-04', '15:13', 49, 'solucion-232Captura de pantalla 2018-10-04 a la(s) 14.53.23.png', '2018-10-04', '13:50', 2),
(46, 'Confirmado la creación y asignación de  las licencias a las cuentas solicitadas, al momento las claves en las dos cuentas es Lextax@2018, las cuentas fueron creadas de la siguiente manera:\r\n\r\nfacturacion_lextax@lexvalor.com\r\ncontabilidad_lextax@lexvalor.com \r\n\r\nAl momento ya están activas las cuentas para su uso.', '2018-10-04', '20:40', 50, '', '2018-10-04', '20:20', 2),
(47, 'Se procede con la instalación del sistema FIRE y se ejecuta una nueva instalación del sistema microsoft office. ', '2018-10-05', '12:00', 54, '', '2018-10-05', '11:15', 2),
(48, 'Se procede con el ingreso de los correos solicitados a la lista de los infos corporativos. ', '2018-10-06', '15:20', 55, '', '2018-10-06', '15:00', 2),
(49, 'Se procede con un reseteo del equipo eliminando instalaciones de programas que ocasión lentitud en el sistema, se restaura la información del usuario y aplicaciones generales. ', '2018-10-09', '10:00', 56, '', '2018-10-06', '08:00', 2),
(50, 'Se procede con un reseteo del equipo, se reinstala controladores de drivers del equipo y se restaura la información del usuario y aplicaciones generales. ', '2018-10-09', '12:00', 57, '', '2018-10-06', '10:00', 2),
(51, 'Se procede con la configuración del mensaje de respuesta de ausencia segun lo solicitado. ', '2018-10-09', '17:10', 58, '', '2018-10-08', '17:00', 2),
(52, 'Se ejecuta proceso de reseteo de fábrica con eliminación completa de información en función a recomendación establecida por el soporte técnico, se restaura aplicaciones e información del usuario para la ejecución de pruebas de funcionamiento por parte del usuario. \r\nSe establecio pruebas de funcionamiento por un período continuo de uso de 4 horas. \r\nPendiente instalación de impresoras las cuales se ejecutara al día 9 de octubre en oficina. ', '2018-10-09', '18:00', 59, '', '2018-10-08', '14:00', 2),
(53, 'Se procede con la revisión del equipo se verifica que el mismo no posee disco duro y se informa al usuario inmediatamente, adcional se verifica que el equipo posee un gole en una de las esquinas de la pantalla con ruptura en el cover, se valida con un disco duro pero el equipo no inicializa, no brinda video tanto en la pantalla propia del equipo como en una pantalla externa conectada, se valida el mainboard y verifica que el mismo posee un corto circuito por lo que se recomienda el cambio del equipo. ', '2018-10-09', '18:11', 60, '', '2018-10-09', '16:00', 2),
(54, 'Se procede con el redireccionamiento de la cuenta y la activación del mensaje de respuesta. ', '2018-10-10', '15:12', 61, '', '2018-10-09', '15:00', 2),
(55, 'Se procede con la configuración de las cuentas solicitadas sobre un equipo mediante outlook, se procede con la descarga de los mensajes sobre el equipo y a sacar un respaldos en archivos PST de las cuentas, sobre un disco externo.', '2018-10-10', '17:00', 51, '', '2018-10-09', '13:00', 2),
(56, 'Se procede con un remplazo temporal a un equipo marca Toshiba Core i3, con 4 Gb en RAM, a fin de poder revisarlo y determinar posibles soluciones, asi como la busqueda de la bateria ya que el equipo al momento se encuentra descontinuado. \r\n\r\nSobre el equipo temporal se sube la información y configuraciones del usuarios, asi como la instalación de la impresora del piso donde brinda sus servicios. ', '2018-10-11', '10:30', 62, '', '2018-10-11', '07:00', 2),
(58, 'Se configuro la cuenta de contabilidad_lextax@lexvalor.com, se probo dicha cuenta de correo y se dejo funcionando correctamente.', '2018-10-15', '13:40', 64, '', '2018-10-15', '13:20', 1),
(59, 'Se procede con el retiro y traslado del equipo de Danny Espinosa al centro de garantía de HP ', '2018-10-15', '11:50', 67, '', '2018-10-12', '11:15', 2),
(60, 'Se procede con el retiro del equipo del centro de garantias de HP; al equipo se debe restaurar la configuración de usuario e información del mismo. ', '2018-10-15', '16:45', 68, '', '2018-10-12', '16:00', 2),
(61, 'Se procede con la restauración del usuario sobre el equipo y de la configuración de la cuenta de One Drive para la descarga de la información, la instalación de la impresora se procede en sitio. ', '2018-10-15', '10:40', 66, '', '2018-10-15', '08:30', 2),
(62, 'Se procede con la instalación de Skype Personal y Skpye Empresarial, se ejecuta pruebas de funcionamiento de las dos aplicaciones con las cuentas del usuario. ', '2018-10-15', '15:50', 65, '', '2018-10-15', '15:20', 2),
(63, 'Se procede con la activación del buzón de correo e instalación de la cuenta sobre el computador. ', '2018-10-15', '09:00', 69, '', '2018-10-15', '08:50', 2),
(64, 'Se procede con el respaldo de la información del usuario, así como a la inicialización del sistema operativo sobre el equipo, se instala office y configura la cuenta de correo sobre el equipo, finalmente se restaura la información e instala la impresora de piso para su funcionamiento. ', '2018-10-15', '10:15', 70, '', '2018-10-15', '09:00', 2),
(65, 'Se procede con el cambio solicitado, la contraseña actual sobre el correo solicitado es Ing1718382474@', '2018-10-15', '17:40', 71, '', '2018-10-15', '17:30', 2),
(66, 'Se procede con el cambio solicitado sobre la cuenta, al momento se establece la contraseña a Ing1718382474@', '2018-10-15', '17:55', 72, '', '2018-10-15', '17:45', 2),
(67, 'Se realizo el mantenimiento de software a su computador, se borraron archivos temporales, se verificó si estaba activo el Microsoft Office y el sistema operativo Windows, aparte de eso la configuración del antivirus, y todo queda bien configurado.', '2018-10-16', '09:20', 73, 'solucion-25limpieza.png', '2018-10-16', '09:00', 1),
(68, 'Se realiza el redireccionamiento solicitado.', '2018-10-16', '10:50', 74, 'solucion-389Captura de pantalla 2018-10-16 a la(s) 10.43.33.png', '2018-10-16', '10:35', 2),
(69, 'Se realizo el mantenimiento de software a su computador, se borraron archivos temporales, se verificó si estaba activo el Microsoft Office y el sistema operativo Windows, aparte de eso la configuración del antivirus, y todo queda bien configurado.', '2018-10-17', '09:30', 75, 'solucion-611limpieza.png', '2018-10-17', '09:15', 1),
(70, 'Se realizo el mantenimiento de software a su computador, se borraron archivos temporales, se verificó si estaba activo el Microsoft Office y el sistema operativo Windows, aparte de eso la configuración del antivirus, y todo queda bien configurado.', '2018-10-17', '10:17', 76, 'solucion-631limpieza.png', '2018-10-17', '10:00', 1),
(71, 'Se realizo el mantenimiento de software a su computador, se borraron archivos temporales, se verificó si estaba activo el Microsoft Office y el sistema operativo Windows, aparte de eso la configuración del antivirus, y todo queda bien configurado.', '2018-10-17', '09:00', 77, 'solucion-945limpieza.png', '2018-10-17', '08:40', 1),
(72, 'Se realizo el mantenimiento de software a su computador, se borraron archivos temporales, se verificó si estaba activo el Microsoft Office y el sistema operativo Windows, aparte de eso la configuración del antivirus, y todo queda bien configurado', '2018-10-18', '08:50', 78, 'solucion-970limpieza.png', '2018-10-18', '08:35', 1),
(73, 'Se realizo el mantenimiento de software a su computador, se borraron archivos temporales, se verificó si estaba activo el Microsoft Office y el sistema operativo Windows, aparte de eso la configuración del antivirus, y todo queda bien configurado', '2018-10-18', '09:12', 79, 'solucion-40limpieza.png', '2018-10-18', '08:55', 1),
(74, 'Se realizo el mantenimiento de software a su computador, se borraron archivos temporales, se verificó si estaba activo el Microsoft Office y el sistema operativo Windows, aparte de eso la configuración del antivirus, y todo queda bien configurado', '2018-10-18', '09:36', 80, 'solucion-914limpieza.png', '2018-10-18', '09:15', 1),
(75, 'Se realizo la instalación de la impresora EPSON LX-300+II, se dejo funcionando correctamente.', '2018-10-18', '13:28', 84, 'solucion-204instalacion.png', '2018-10-18', '13:10', 1),
(76, 'Se realizo el mantenimiento de software a su computador, se borraron archivos temporales, se verificó si estaba activo el Microsoft Office y el sistema operativo Windows, aparte de eso la configuración del antivirus, y todo queda bien configurado.', '2018-10-19', '08:55', 86, 'solucion-878limpieza.png', '2018-10-19', '08:40', 1),
(77, 'Se realizo el mantenimiento de software a su computador, se borraron archivos temporales, se verificó si estaba activo el Microsoft Office y el sistema operativo Windows, aparte de eso la configuración del antivirus, y todo queda bien configurado.', '2018-10-19', '09:15', 87, 'solucion-498limpieza.png', '2018-10-19', '09:00', 1),
(78, 'Se realizo el mantenimiento de software a su computador, se borraron archivos temporales, se verificó si estaba activo el Microsoft Office y el sistema operativo Windows, aparte de eso la configuración del antivirus, y todo queda bien configurado.', '2018-10-19', '10:05', 88, 'solucion-817limpieza.png', '2018-10-19', '09:48', 1),
(79, 'Se realizo el mantenimiento de software a su computador, se borraron archivos temporales, se verificó si estaba activo el Microsoft Office y el sistema operativo Windows, aparte de eso la configuración del antivirus, y todo queda bien configurado.', '2018-10-19', '09:40', 89, '', '2018-10-19', '09:25', 1),
(80, 'El equipo fue retirado y llevado a las oficinas de Lextax.', '2018-10-19', '02:30', 90, '', '2018-10-18', '02:00', 1),
(81, 'Se hizo la restauración y la configuración correspondiente el equipo del usuario Danny Espinosa, se configuró la cuenta del usuario, correo, Onedrive, se instalaron los programas correspondientes para que dicho computador quede listo para seguir trabajando.', '2018-10-19', '03:48', 91, '', '2018-10-18', '02:40', 1),
(82, 'Se procede con la revisión del equipo del usuario solicitado, el cual se valida que es un equipo MAC en el mismo que no se puede instalar el sistema FIRE debido a que el aplicativo solo funciona en equipos con sistema Windows. ', '2018-10-21', '12:25', 85, '', '2018-10-18', '12:15', 2),
(83, 'Se procede a la inclusión de los correos solicitados dentro del info e infotax, grupo de envio 3', '2018-10-21', '20:55', 92, 'solucion-79Captura de pantalla 2018-10-21 a la(s) 20.48.55.png', '2018-10-21', '20:40', 2),
(84, 'Se genera la instalación de aplicaciones sobre usuarios, a la vez se realizo la primera prueba de video conferencia mediante ZOOM, para el caso se enlazo a la prueba Alejandra (Piso 8), Vannesa (Piso 15), Gilberto (Piso 5) y mi persona (Oficina Cotedem con dos conexiones simultáneas), en la prueba realizada no tuvimos corte de señal ni de audio, pero en el piso 15 a Vanessa le mostró un mensaje de ancho de banda cuando estaba conectada por WIFI pero cuando se conecto por cable el mensaje desaparecido y la conexión se normalizo. ', '2018-10-21', '10:30', 63, '', '2018-10-17', '09:00', 2),
(85, 'Se procede con la revisión y ejecuta una actualización al aplicativo, posterior de la misma se estabiliza la aplciacion y normaliza su funcionamiento. ', '2018-10-23', '09:35', 95, '', '2018-10-23', '09:20', 2),
(86, 'Se realiza las pruebas de validación y no se instala la pantalla debido a que el usuario solicita se le ayude con una nueva pantalla más grande, a la vez que en la pared solicitada se debe realizar un refuerzo para la instalación. ', '2018-10-23', '18:00', 93, '', '2018-10-22', '17:00', 2),
(87, 'Se procede con la generacion de una imagen adecuada para el proceso de factruación electronica sobre el sistema contable, se realiza pruebas de envio e impresion para verificación del logotipo sobre el sistema resultando exitosas. ', '2018-10-23', '11:45', 97, '', '2018-10-23', '11:00', 2),
(88, 'Se procede a establecer la programación bajo HTML para el pie de firma, se verifica que en una resolucion de 450 pixeles de ancho la firma queda idonea para visualización e impresión. ', '2018-10-23', '12:15', 98, '', '2018-10-23', '23:55', 2),
(89, 'Se procedió con la instalación de los programas solicitados, pero se presento un error con la instalación de dichos programas con el paquete de ofimática office, por lo que se tuvo que formatear el computador para dejar todo funcionando con normalidad, incluso con los programas solicitados.', '2018-10-24', '17:00', 96, '', '2018-10-23', '13:00', 1),
(90, 'Se procede con la revisión y actualización del error mostrado en el equipo ', '2018-10-29', '10:20', 103, '', '2018-10-29', '10:00', 2),
(91, 'Se procede con la revisión, al momento se establece comunicación mediante la red inalámbrica, se realizará una nueva revisión ya que el equipo esta siendo bloqueado por alguna politica interna de comunicaciones. ', '2018-10-29', '12:00', 102, '', '2018-10-29', '11:45', 2),
(92, 'Se procede con la activación de la tarjeta de acceso a las oficinas del piso 8', '2018-10-29', '11:30', 101, '', '2018-10-29', '11:15', 2),
(93, 'Se procede con la revisión del equipo, se realiza un reinicio a fabrica del software en el cual posterior a la restauración y colocación del office se vuelve a presentar el inconveniente. \r\nSe procede con la reinstalación de otra versión de office, en la cual en la instalación de office este funciona con normalidad, se restaura la información del usuario en el equipo. \r\nEn oficina se instala las impresoras y demás configuraciones propias del equipo. \r\n', '2018-10-29', '23:00', 104, '', '2018-10-24', '19:00', 2);

-- --------------------------------------------------------

--
-- Estructura de tabla para la tabla `switch`
--

CREATE TABLE `switch` (
  `id` int(11) NOT NULL,
  `accion` int(11) NOT NULL,
  `fecha` date NOT NULL
) ENGINE=InnoDB DEFAULT CHARSET=latin1;

-- --------------------------------------------------------

--
-- Estructura de tabla para la tabla `usuario`
--

CREATE TABLE `usuario` (
  `id_usuario` int(11) NOT NULL,
  `login` varchar(20) COLLATE utf8_spanish_ci NOT NULL,
  `password` varchar(100) COLLATE utf8_spanish_ci NOT NULL,
  `cedula` int(11) NOT NULL,
  `nombre` varchar(100) COLLATE utf8_spanish_ci NOT NULL,
  `apellido` varchar(100) COLLATE utf8_spanish_ci NOT NULL,
  `correo` varchar(100) COLLATE utf8_spanish_ci NOT NULL,
  `empresa` varchar(100) COLLATE utf8_spanish_ci NOT NULL,
  `departamento` varchar(100) COLLATE utf8_spanish_ci NOT NULL,
  `estado` int(11) NOT NULL DEFAULT '1',
  `id_role` int(11) NOT NULL
) ENGINE=InnoDB DEFAULT CHARSET=utf8 COLLATE=utf8_spanish_ci;

--
-- Volcado de datos para la tabla `usuario`
--

INSERT INTO `usuario` (`id_usuario`, `login`, `password`, `cedula`, `nombre`, `apellido`, `correo`, `empresa`, `departamento`, `estado`, `id_role`) VALUES
(1, 'admin', 'f90c7d2067835d806450d86b71cc9ae7b2473714', 0, 'Soporte', 'Cotedem Cia. Ltda.  ', 'soporte@cotedem.com', 'COTEDEM', 'Root', 1, 1),
(2, 'durvina', 'c4593f9dacef1782789f364356bce40cd2bd7b82', 1802832608, 'Dario ', 'Urvina', 'durvina@cotedem.com', 'COTEDEM', 'Root', 1, 1),
(3, 'agonzalez', 'c0fde5f0f153a4dbe405e2ee0b5259632de16f9b', 1718479890, 'Ana Lucia', 'Gonzalez Alulema', 'rrhh@ingelcom.com.ec', 'INGELCOM', 'RECURSOS HUMANOS', 1, 4),
(4, 'aricaurte', 'c0fde5f0f153a4dbe405e2ee0b5259632de16f9b', 1715868699, 'Araceli', 'Ricaurte Toledo', 'aricaurte@ingelcom.com.ec', 'INGELCOM', '', 1, 3),
(5, 'aolmos', 'c0fde5f0f153a4dbe405e2ee0b5259632de16f9b', 503255366, 'Andrés', 'Olmos', 'tecsupervisor@ingelcom.com.ec', 'INGELCOM', 'SUPERVISOR', 1, 3),
(6, 'cvaldivieso', 'c0fde5f0f153a4dbe405e2ee0b5259632de16f9b', 1712928884, 'Christian Andres ', 'Valdivieso Pabon', 'ventas1@ingelcom.com.ec', 'INGELCOM', 'VENTAS', 1, 3),
(7, 'cconde', 'c0fde5f0f153a4dbe405e2ee0b5259632de16f9b', 1709086472, 'Cristina', 'Conde', 'cconde@ingelcom.com.ec', 'INGELCOM', '', 1, 3),
(8, 'singelcom', 'c0fde5f0f153a4dbe405e2ee0b5259632de16f9b', 1802832608, 'Sistemas', 'Ingelcom', 'sistemas@ingelcom.com.ec', 'INGELCOM', 'SISTEMAS', 1, 4),
(9, 'lmuñoz', 'c0fde5f0f153a4dbe405e2ee0b5259632de16f9b', 1723118178, 'Leonardo', 'Muñoz Pozo ', 'financiero@ingelcom.com.ec', 'INGELCOM', 'CONTABILIDAD', 1, 3),
(10, 'dsanguña', 'c0fde5f0f153a4dbe405e2ee0b5259632de16f9b', 1715904320, 'David ', 'Sanguña', 'asistentecompras@ingelcom.com.ec', 'INGELCOM', 'COMPRAS', 1, 3),
(11, 'dgaliano', 'c0fde5f0f153a4dbe405e2ee0b5259632de16f9b', 1002835815, 'Diego Armando', 'Galiano Yepez', 'dgaliano@ingelcom.com.ec', 'INGELCOM', 'Proyectos', 1, 3),
(12, 'emoya', 'c0fde5f0f153a4dbe405e2ee0b5259632de16f9b', 1803394814, 'Edgar Medardo ', 'Moya Guachi', 'ventas2@ingelcom.com.ec', 'INGELCOM', 'VENTAS', 1, 3),
(13, 'garmijo', 'c0fde5f0f153a4dbe405e2ee0b5259632de16f9b', 1713569737, 'Gonzalo Armando ', 'Armijo Changoluisa', 'garmijo@ingelcom.com.ec', 'INGELCOM', 'Proyectos', 1, 3),
(14, 'hgonzalez', 'c0fde5f0f153a4dbe405e2ee0b5259632de16f9b', 1719856377, 'Hétor', 'Gonzalez Gomez', 'hgonzalez@ingelcom.com.ec', 'INGELCOM', '', 1, 3),
(15, 'hmoran', 'c0fde5f0f153a4dbe405e2ee0b5259632de16f9b', 1723403703, 'Henry', 'Moran', 'ecommerce@ingelcom.com.ec', 'INGELCOM', 'Marketing', 1, 3),
(16, 'jconstante', 'c0fde5f0f153a4dbe405e2ee0b5259632de16f9b', 1708014764, 'Jaime ', 'Constante Herrera', 'jconstante@ingelcom.com.ec', 'INGELCOM', 'GERENCIA', 1, 4),
(17, 'jquishpe', 'c0fde5f0f153a4dbe405e2ee0b5259632de16f9b', 1724420698, 'Johana', 'Quisphe Songor', 'contabilidad@ingelcom.com.ec', 'INGELCOM', 'CONTABILIDAD', 1, 3),
(18, 'jjiron', 'c0fde5f0f153a4dbe405e2ee0b5259632de16f9b', 1714435334, 'Jorge Eduardo', 'Jiron Proaño', 'jjiron@ingelcom.com.ec', 'INGELCOM', 'Ventas', 1, 3),
(19, 'mnolivos', 'c0fde5f0f153a4dbe405e2ee0b5259632de16f9b', 1710563683, 'Margarita', 'Nolivos Suquillo', 'margaritanolivos@ingelcom.com.ec', 'INGELCOM', 'GERENCIA', 1, 4),
(20, 'malmachi', 'c0fde5f0f153a4dbe405e2ee0b5259632de16f9b', 1, 'Marlene', 'Almachi', 'miferreteria@ingelcom.com.ec', 'INGELCOM', 'VENTAS', 1, 3),
(21, 'mcaiza', 'c0fde5f0f153a4dbe405e2ee0b5259632de16f9b', 1719371997, 'Mayra', 'Caiza', 'asisconta@ingelcom.com.ec', 'INGELCOM', 'CONTABILIDAD', 1, 3),
(22, 'rzambrano', 'c0fde5f0f153a4dbe405e2ee0b5259632de16f9b', 1721549010, 'Ruben ', 'Zambrano', 'ventas3@ingelcom.com.ec', 'INGELCOM', 'VENTAS', 1, 3),
(23, 'squimbiurco', 'c0fde5f0f153a4dbe405e2ee0b5259632de16f9b', 1714628268, 'Sylvia', 'Quimbiurco', 'cobranzas@ingelcom.com.ec', 'INGELCOM', 'COBRANZAS', 1, 3),
(24, 'vjacome', 'c0fde5f0f153a4dbe405e2ee0b5259632de16f9b', 0, 'Victor ', 'Jacome', 'vjacome@ingelcom.com.ec', 'INGELCOM', '', 1, 4),
(25, 'vzambrano', 'c0fde5f0f153a4dbe405e2ee0b5259632de16f9b', 1308878188, 'Valeria ', 'Zambrano', 'compras@ingelcom.com.ec', 'INGELCOM', 'COMPRAS', 1, 3),
(26, 'despinosa', 'c0fde5f0f153a4dbe405e2ee0b5259632de16f9b', 0, 'Danny', 'Espinosa', 'despinosa@lexvalor.com', 'LEXTAX', 'Juridico', 1, 3),
(27, 'aparedes', 'c0fde5f0f153a4dbe405e2ee0b5259632de16f9b', 1715065403, 'Adriana Karina', 'Paredes Arcos', 'aparedes@lexvalor.com', 'LEXVALOR', '', 1, 3),
(28, 'anieto', 'c0fde5f0f153a4dbe405e2ee0b5259632de16f9b', 1712536810, 'Ana Belen', 'Nieto', 'anieto@lexvalor.com', 'LEXVALOR', '', 1, 3),
(29, 'achiriboga', 'c0fde5f0f153a4dbe405e2ee0b5259632de16f9b', 1706926746, 'Ana', 'Chiriboga Lopez', 'achiriboga@lexvalor.com', 'LEXVALOR', 'GERENCIA', 1, 4),
(30, 'arodriguez', 'c0fde5f0f153a4dbe405e2ee0b5259632de16f9b', 108374111, 'Ana Karina', 'Rodriguez Corona', 'arodriguez@lexvalor.com', 'LEXVALOR', '', 1, 3),
(31, 'asanandres', 'c0fde5f0f153a4dbe405e2ee0b5259632de16f9b', 1717467896, 'Ana Maria', 'San Andres', 'asanandres@lexvalor.com', 'LEXVALOR', '', 1, 3),
(32, 'ccarrion', 'c0fde5f0f153a4dbe405e2ee0b5259632de16f9b', 1001501657, 'Carlos', 'Carrion', 'ccarrion@lexvalor.com', 'LEXVALOR', '', 1, 3),
(33, 'cecheverria', 'c0fde5f0f153a4dbe405e2ee0b5259632de16f9b', 1714836077, 'Carolina', 'Echeverria Del Castillo', 'cecheverria@lexvalor.com', 'LEXVALOR', '', 1, 3),
(34, 'calvarez', 'c0fde5f0f153a4dbe405e2ee0b5259632de16f9b', 1720442605, 'Cristian Andres', 'Alvarez Freire', 'calvarez@lexvalor.com', 'LEXVALOR', '', 1, 3),
(35, 'dmorejon', 'c0fde5f0f153a4dbe405e2ee0b5259632de16f9b', 1721392924, 'Damian Alejandro', 'Morejon Guerrero', 'dmorejon@lexvalor.com', 'LEXVALOR', '', 1, 3),
(36, 'dguevara', 'c0fde5f0f153a4dbe405e2ee0b5259632de16f9b', 1718750068, 'Daniel', 'Guevara De Los Reyes', 'dguevara@lexvalor.com', 'LEXVALOR', '', 1, 3),
(37, 'dirigoyen', 'c0fde5f0f153a4dbe405e2ee0b5259632de16f9b', 1715540439, 'Daniela Lucia', 'Irigoyen Samaniego', 'dirigoyen@lexvalor.com', 'LEXVALOR', '', 1, 4),
(38, 'fmanosalvas', 'c0fde5f0f153a4dbe405e2ee0b5259632de16f9b', 1707817647, 'Fausto Fabian', 'Manosalvas Angamarca', 'fmanosalvas@lexvalor.com', 'LEXVALOR', 'CONTABILIDAD', 1, 3),
(39, 'gcarrasco', 'c0fde5f0f153a4dbe405e2ee0b5259632de16f9b', 104433776, 'Gabriela', 'Carrasco Puyol', 'gcarrasco@lexvalor.com', 'LEXVALOR', '', 1, 3),
(40, 'gbermudez', 'c0fde5f0f153a4dbe405e2ee0b5259632de16f9b', 1713584702, 'Geovanny', 'Bermudez Vega', 'gbermudez@lexvalor.com', 'LEXVALOR', '', 1, 3),
(41, 'gerazo', 'c0fde5f0f153a4dbe405e2ee0b5259632de16f9b', 1707503478, 'Giovanni Segundo', 'Erazo Zambrano', 'gerazo@lexvalor.com', 'LEXVALOR', '', 1, 3),
(42, 'iperez', 'c0fde5f0f153a4dbe405e2ee0b5259632de16f9b', 1750424549, 'Inti Medardo', 'Perez Guaman', 'iperez@lexvalor.com', 'LEXVALOR', '', 1, 3),
(43, 'isamaniego', 'c0fde5f0f153a4dbe405e2ee0b5259632de16f9b', 1714195565, 'Isabel', 'Samaniego', 'isamaniego @lexvalor.com', 'LEXVALOR', '', 1, 3),
(44, 'iplascencia', 'c0fde5f0f153a4dbe405e2ee0b5259632de16f9b', 176729460, 'Ivan Leandro', 'Plascencia Morales', 'iplascencia@lexvalor.com', 'LEXVALOR', '', 1, 3),
(45, 'jmontero', 'c0fde5f0f153a4dbe405e2ee0b5259632de16f9b', 1718318072, 'Jeniffer', 'Montero Quintanilla', 'jmontero@lexvalor.com', 'LEXVALOR', '', 1, 3),
(46, 'jantamba', 'c0fde5f0f153a4dbe405e2ee0b5259632de16f9b', 1709423501, 'Jenny Alexandra', 'Antamba Gomez', 'jantamba@lexvalor.com', 'LEXVALOR', '', 1, 3),
(47, 'jaltamirano', 'c0fde5f0f153a4dbe405e2ee0b5259632de16f9b', 1725487217, 'Jessica Alejandra', 'Altamirano', 'jaltamirano @lexvalor.com', 'LEXVALOR', '', 1, 3),
(48, 'jcornejo', 'c0fde5f0f153a4dbe405e2ee0b5259632de16f9b', 1718905605, 'Jose Gabriel', 'Cornejo', 'jcornejo@lexvalor.com', 'LEXVALOR', '', 1, 3),
(49, 'jportilla', 'c0fde5f0f153a4dbe405e2ee0b5259632de16f9b', 1717341976, 'Jose Luis', 'Portilla', 'jportilla@lexvalor.com', 'LEXVALOR', '', 1, 3),
(50, 'jendara', 'c0fde5f0f153a4dbe405e2ee0b5259632de16f9b', 1003473988, 'Jose Xavier', 'Endara Madera', 'jendara@lexvalor.com', 'LEXVALOR', '', 1, 3),
(51, 'jalmeida', 'c0fde5f0f153a4dbe405e2ee0b5259632de16f9b', 1714766951, 'Juan Francisco', 'Almeida Granja', 'jalmeida@lexvalor.com', 'LEXVALOR', '', 1, 3),
(52, 'kvillacis', 'c0fde5f0f153a4dbe405e2ee0b5259632de16f9b', 1707896724, 'Karla Alejandra', 'Villacis Echeverria', 'kvillacis@lexvalor.com', 'LEXVALOR', '', 1, 3),
(53, 'kvinueza', 'c0fde5f0f153a4dbe405e2ee0b5259632de16f9b', 1723545057, 'Kevin Alexander', 'Vinueza Ayala', 'kvinueza@lexvalor.com', 'LEXVALOR', '', 1, 3),
(54, 'lrueda', 'c0fde5f0f153a4dbe405e2ee0b5259632de16f9b', 1717994501, 'Lorena', 'Rueda Ayala', 'lrueda@lexvalor.com', 'LEXVALOR', '', 1, 3),
(55, 'mmorabowen', 'c0fde5f0f153a4dbe405e2ee0b5259632de16f9b', 1713148680, 'Marcelo', 'Morabowen', 'mmorabowen@lexvalor.com', 'LEXVALOR', '', 1, 3),
(56, 'mchiriboga', 'c0fde5f0f153a4dbe405e2ee0b5259632de16f9b', 1706926738, 'Margoth Elizabeth', 'Chiriboga Lopez', 'mchiriboga@lexvalor.com', 'LEXVALOR', 'Gerencia', 1, 4),
(57, 'maguinaga', 'c0fde5f0f153a4dbe405e2ee0b5259632de16f9b', 1724060965, 'Maria Angeles', 'Aguinaga', 'maguinaga@lexvalor.com', 'LEXVALOR', '', 1, 3),
(58, 'privadeneira', 'c0fde5f0f153a4dbe405e2ee0b5259632de16f9b', 1715829139, 'Maria Pia', 'Rivadeneira Mosquera', 'privadeneira@lexvalor.com', 'LEXVALOR', '', 1, 3),
(59, 'mmoreno', 'c0fde5f0f153a4dbe405e2ee0b5259632de16f9b', 1003319298, 'Mariela Alejandra', 'Moreno Vaca', 'mmoreno@lexvalor.com', 'LEXVALOR', '', 1, 3),
(60, 'ocorrea', 'c0fde5f0f153a4dbe405e2ee0b5259632de16f9b', 1723309744, 'Oscar Ruben', 'Correa Perez', 'ocorrea@lexvalor.com', 'LEXVALOR', '', 1, 3),
(61, 'pbruzzone', 'c0fde5f0f153a4dbe405e2ee0b5259632de16f9b', 1712336054, 'Pedro', 'Bruzzone Manjarres', 'pbruzzone@lexvalor.com', 'LEXVALOR', '', 1, 3),
(62, 'rtrujillo', 'c0fde5f0f153a4dbe405e2ee0b5259632de16f9b', 1717593527, 'Ricardo Andres', 'Trujillo Mosco', 'rtrujillo@lexvalor.com', 'LEXVALOR', '', 1, 3),
(63, 'rsuarez', 'c0fde5f0f153a4dbe405e2ee0b5259632de16f9b', 1712026648, 'Ruben Dario', 'Suarez Chavez', 'rsuarez@lexvalor.com', 'LEXVALOR', '', 1, 3),
(64, 'aerazo', 'c0fde5f0f153a4dbe405e2ee0b5259632de16f9b', 1721067104, 'Ruth Anahi', 'Erazo Paspuel', 'aerazo@lexvalor.com', 'LEXVALOR', '', 1, 3),
(65, 'schacha', 'c0fde5f0f153a4dbe405e2ee0b5259632de16f9b', 1716533318, 'Sandra Mireya', 'Chacha Burgos', 'schacha@lexvalor.com', 'LEXVALOR', '', 1, 3),
(66, 'tguaman', 'c0fde5f0f153a4dbe405e2ee0b5259632de16f9b', 1725798233, 'Tamia Pamela', 'Guaman Coronado', 'tguaman@lexvalor.com', 'LEXVALOR', '', 1, 3),
(67, 'vgomez', 'c0fde5f0f153a4dbe405e2ee0b5259632de16f9b', 1716589146, 'Vanessa Carolina', 'Gomez Mosquera', 'vgomez@lexvalor.com', 'LEXVALOR', '', 1, 3),
(68, 'acadena', 'c0fde5f0f153a4dbe405e2ee0b5259632de16f9b', 1003255815, 'Ana Belen ', 'Cadena Herrera', 'acadena@lexvalor.com', 'LEXTAX', '', 1, 3),
(69, 'bguano', 'c0fde5f0f153a4dbe405e2ee0b5259632de16f9b', 1713555223, 'Byron Oswaldo ', 'Guano Troya', 'bguano@lexvalor.com', 'LEXTAX', '', 1, 3),
(70, 'ccoronel', 'c0fde5f0f153a4dbe405e2ee0b5259632de16f9b', 1002224036, 'Carlos Andres ', 'Coronel Endara', 'ccoronel@lexvalor.com', 'LEXTAX', 'Legal', 1, 4),
(71, 'calmeida', 'c0fde5f0f153a4dbe405e2ee0b5259632de16f9b', 0, 'Cristina Elizabeth', 'Almeida Vaca', 'calmeida@lexvalor.com', 'LEXTAX', '', 1, 3),
(72, 'dloor', 'c0fde5f0f153a4dbe405e2ee0b5259632de16f9b', 0, 'Diana Del Rocio ', 'Loor Mena', 'dloor@lexvalor.com', 'LEXTAX', '', 1, 3),
(73, 'emoreno', 'c0fde5f0f153a4dbe405e2ee0b5259632de16f9b', 1725276321, 'Emily Gabriela ', 'Moreno Villacreses', 'emoreno@lexvalor.com', 'LEXTAX', '', 1, 3),
(74, 'gcevallos', 'c0fde5f0f153a4dbe405e2ee0b5259632de16f9b', 1712085578, 'German ', 'Cevallos Landeta', 'gcevallos@lexvalor.com', 'LEXTAX', '', 1, 3),
(75, 'jjijon', 'c0fde5f0f153a4dbe405e2ee0b5259632de16f9b', 915197214, 'Jorge Ricardo', 'Jijon Marquez De La Plata', 'jjijon@lexvalor.com', 'LEXTAX', '', 1, 3),
(76, 'jzarria', 'c0fde5f0f153a4dbe405e2ee0b5259632de16f9b', 1711040160, 'Josue Alejandro ', 'Zarría', 'jzarria@lexvalor.com', 'LEXTAX', '', 1, 4),
(77, 'jcastro', 'c0fde5f0f153a4dbe405e2ee0b5259632de16f9b', 1104957418, 'José Israel', 'Castro Villamagua', 'jcastro@lexvalor.com', 'LEXTAX', '', 1, 3),
(78, 'msemanate', 'c0fde5f0f153a4dbe405e2ee0b5259632de16f9b', 501882567, 'Mariangeles ', 'Semanate ', 'msemanate@lexvalor.com', 'LEXTAX', 'Gerencia', 1, 4),
(79, 'mleon', 'c0fde5f0f153a4dbe405e2ee0b5259632de16f9b', 0, 'Mayra Alejandra ', 'Leon Lojan', 'mleon@lexvalor.com', 'LEXTAX', '', 1, 4),
(80, 'mbermudez', 'c0fde5f0f153a4dbe405e2ee0b5259632de16f9b', 1720921186, 'Michelle ', 'Bermudez Vega', 'mbermudez@lexvalor.com', 'LEXTAX', '', 1, 3),
(81, 'parias', 'c0fde5f0f153a4dbe405e2ee0b5259632de16f9b', 602672222, 'Pablo Andres ', 'Arias Aizaga', 'parias@lexvalor.com', 'LEXTAX', '', 1, 4),
(82, 'vchiriboga', 'c0fde5f0f153a4dbe405e2ee0b5259632de16f9b', 0, 'Victor Alfredo ', 'Chiriboga Granja', 'vchiriboga@lexvalor.com', 'LEXTAX', '', 1, 3),
(83, 'Kmedrano', 'c0fde5f0f153a4dbe405e2ee0b5259632de16f9b', 1, 'Katy', 'Medrano', 'katy.medrano@businesstime.com.ec', 'Bussines Time', 'Gerencia', 1, 3),
(84, 'imoreno', 'c0fde5f0f153a4dbe405e2ee0b5259632de16f9b', 1, 'Isabela ', 'Moreno Burns', 'Imoreno@lexvalor.com', 'PEÑAHERRERA Y PONCE', 'Legal', 1, 3),
(85, 'apenaherrera', 'c0fde5f0f153a4dbe405e2ee0b5259632de16f9b', 1704744570, 'Alfredo ', 'Peñaherrera ', 'apenaherrera@lexvalor.com', 'PEÑAHERRERA Y PONCE', 'Legal ', 1, 4),
(86, 'rpenaherrera', 'c0fde5f0f153a4dbe405e2ee0b5259632de16f9b', 1713434643, 'Ricardo', 'Peñaherrera', 'rpenaherrera@lexvalor.com', 'PEÑAHERRERA Y PONCE', 'Legal ', 1, 3),
(87, 'heponce', 'c0fde5f0f153a4dbe405e2ee0b5259632de16f9b', 1704686367, 'Hernan  ', 'Ponce', 'heponce@lexvalor.com', 'PEÑAHERRERA Y PONCE', 'Legal', 1, 4),
(88, 'ateran', 'c0fde5f0f153a4dbe405e2ee0b5259632de16f9b', 1715788335, 'Ana Maria  ', 'Teran', 'ateran@lexvalor.com', 'PEÑAHERRERA Y PONCE', 'Legal', 1, 3),
(89, 'gosejo', 'c0fde5f0f153a4dbe405e2ee0b5259632de16f9b', 1804620266, 'Gustavo    ', 'Osejo    ', 'gosejo@lexvalor.com', 'PEÑAHERRERA Y PONCE', 'Legal', 1, 3),
(90, 'afigueroa', 'c0fde5f0f153a4dbe405e2ee0b5259632de16f9b', 1721362166, 'Alexander  ', 'Figueroa', 'afigueroa@lexvalor.com', 'PEÑAHERRERA Y PONCE', 'Legal ', 1, 3),
(91, 'ccaffarena', 'c0fde5f0f153a4dbe405e2ee0b5259632de16f9b', 1715158539, 'Catalina  ', 'Caffarena', 'ccaffarena@lexvalor.com', 'PEÑAHERRERA Y PONCE', 'Legal', 1, 3),
(92, 'jguerra', 'c0fde5f0f153a4dbe405e2ee0b5259632de16f9b', 1717542201, 'Juan Felipe  ', 'Guerra', 'jguerra@lexvalor.com', 'PEÑAHERRERA Y PONCE', 'Legal ', 1, 3),
(93, 'mvazconez', 'c0fde5f0f153a4dbe405e2ee0b5259632de16f9b', 1716533706, 'Martin  ', 'Vasconez', 'mvazconez@lexvalor.com', 'PEÑAHERRERA Y PONCE', 'Legal', 1, 3),
(94, 'saguirre', 'c0fde5f0f153a4dbe405e2ee0b5259632de16f9b', 1713730842, 'Santiago  ', 'Aguirre', 'saguirre@lexvalor.com', 'PEÑAHERRERA Y PONCE', 'Legal', 1, 3),
(95, 'jponce', 'c0fde5f0f153a4dbe405e2ee0b5259632de16f9b', 1713968699, 'Joaquin   ', 'Ponce', 'jponce@lexvalor.com', 'PEÑAHERRERA Y PONCE', 'Legal ', 1, 3),
(96, 'bpenaherrera', 'c0fde5f0f153a4dbe405e2ee0b5259632de16f9b', 1704661725, 'Beatriz  ', 'Peñaherrera', 'bpenaherrera@lexvalor.com', 'PEÑAHERRERA Y PONCE', 'Gerencia', 1, 4),
(97, 'kapolo', 'c0fde5f0f153a4dbe405e2ee0b5259632de16f9b', 1725147654, 'Karolina  ', 'Apolo', 'facturacion_pp@lexvalor.com', 'PEÑAHERRERA Y PONCE', 'Contabilidad', 1, 3),
(98, 'abasantes', 'c0fde5f0f153a4dbe405e2ee0b5259632de16f9b', 1715283618, 'Alexandra  ', 'Basantes', 'abasantes@lexvalor.com', 'PEÑAHERRERA Y PONCE', 'Contabilidad', 1, 3),
(99, 'jberrones', 'c0fde5f0f153a4dbe405e2ee0b5259632de16f9b', 1716188154, 'Johanna  ', 'Berrones', 'jberrones@lexvalor.com', 'PEÑAHERRERA Y PONCE', 'Contabilidad', 1, 3),
(100, 'czambrano', 'c0fde5f0f153a4dbe405e2ee0b5259632de16f9b', 1753361086, 'Camila  ', 'Zambrano', 'czambrano@lexvalor.com', 'PEÑAHERRERA Y PONCE', 'Legal', 1, 4),
(101, 'hbarahona', 'c0fde5f0f153a4dbe405e2ee0b5259632de16f9b', 0, 'Héctor ', 'Barahona', 'hbarahona@lexvalor.com', 'LEXVALOR', 'Gerencia', 1, 4),
(102, 'dfuenmayor', 'c0fde5f0f153a4dbe405e2ee0b5259632de16f9b', 1, 'Dayana ', 'Fuenmayor Solano', 'dfuenmayor@lexvalor.com', 'LEXVALOR', 'Legal ', 1, 3),
(103, 'khoyos', 'f72e8e6ef0d687602a8f9baaa4b4c3dc617edc29', 503066631, 'Katherine', 'Hoyos', 'khoyos@lexvalor.com', 'LEXTAX', '', 1, 3);

--
-- Índices para tablas volcadas
--

--
-- Indices de la tabla `log`
--
ALTER TABLE `log`
  ADD PRIMARY KEY (`id`),
  ADD KEY `id_usuario` (`id_usuario`);

--
-- Indices de la tabla `menu`
--
ALTER TABLE `menu`
  ADD PRIMARY KEY (`id_menu`);

--
-- Indices de la tabla `permisos`
--
ALTER TABLE `permisos`
  ADD PRIMARY KEY (`id_permisos`),
  ADD KEY `id_menu` (`id_menu`,`id_role`),
  ADD KEY `id_role` (`id_role`),
  ADD KEY `id_menu_2` (`id_menu`),
  ADD KEY `id_role_2` (`id_role`);

--
-- Indices de la tabla `role`
--
ALTER TABLE `role`
  ADD PRIMARY KEY (`id_role`),
  ADD KEY `nombre_role` (`nombre_role`);

--
-- Indices de la tabla `servicio`
--
ALTER TABLE `servicio`
  ADD PRIMARY KEY (`id_servicio`),
  ADD KEY `id_usuario` (`id_usuario`);

--
-- Indices de la tabla `solucion_servicio`
--
ALTER TABLE `solucion_servicio`
  ADD PRIMARY KEY (`id_solucion`),
  ADD KEY `id_servicio` (`id_servicio`);

--
-- Indices de la tabla `switch`
--
ALTER TABLE `switch`
  ADD PRIMARY KEY (`id`);

--
-- Indices de la tabla `usuario`
--
ALTER TABLE `usuario`
  ADD PRIMARY KEY (`id_usuario`);

--
-- AUTO_INCREMENT de las tablas volcadas
--

--
-- AUTO_INCREMENT de la tabla `log`
--
ALTER TABLE `log`
  MODIFY `id` int(11) NOT NULL AUTO_INCREMENT, AUTO_INCREMENT=1629;

--
-- AUTO_INCREMENT de la tabla `menu`
--
ALTER TABLE `menu`
  MODIFY `id_menu` int(11) NOT NULL AUTO_INCREMENT, AUTO_INCREMENT=7;

--
-- AUTO_INCREMENT de la tabla `permisos`
--
ALTER TABLE `permisos`
  MODIFY `id_permisos` int(11) NOT NULL AUTO_INCREMENT, AUTO_INCREMENT=67;

--
-- AUTO_INCREMENT de la tabla `role`
--
ALTER TABLE `role`
  MODIFY `id_role` int(11) NOT NULL AUTO_INCREMENT, AUTO_INCREMENT=5;

--
-- AUTO_INCREMENT de la tabla `servicio`
--
ALTER TABLE `servicio`
  MODIFY `id_servicio` int(11) NOT NULL AUTO_INCREMENT, AUTO_INCREMENT=105;

--
-- AUTO_INCREMENT de la tabla `solucion_servicio`
--
ALTER TABLE `solucion_servicio`
  MODIFY `id_solucion` int(11) NOT NULL AUTO_INCREMENT, AUTO_INCREMENT=94;

--
-- AUTO_INCREMENT de la tabla `switch`
--
ALTER TABLE `switch`
  MODIFY `id` int(11) NOT NULL AUTO_INCREMENT;

--
-- AUTO_INCREMENT de la tabla `usuario`
--
ALTER TABLE `usuario`
  MODIFY `id_usuario` int(11) NOT NULL AUTO_INCREMENT, AUTO_INCREMENT=104;

--
-- Restricciones para tablas volcadas
--

--
-- Filtros para la tabla `permisos`
--
ALTER TABLE `permisos`
  ADD CONSTRAINT `permisos_ibfk_1` FOREIGN KEY (`id_menu`) REFERENCES `menu` (`id_menu`) ON DELETE CASCADE ON UPDATE CASCADE,
  ADD CONSTRAINT `permisos_ibfk_2` FOREIGN KEY (`id_role`) REFERENCES `role` (`id_role`) ON DELETE CASCADE ON UPDATE CASCADE;

--
-- Filtros para la tabla `servicio`
--
ALTER TABLE `servicio`
  ADD CONSTRAINT `servicio_ibfk_1` FOREIGN KEY (`id_usuario`) REFERENCES `usuario` (`id_usuario`) ON DELETE CASCADE ON UPDATE CASCADE;

--
-- Filtros para la tabla `solucion_servicio`
--
ALTER TABLE `solucion_servicio`
  ADD CONSTRAINT `solucion_servicio_ibfk_1` FOREIGN KEY (`id_servicio`) REFERENCES `servicio` (`id_servicio`) ON DELETE CASCADE ON UPDATE CASCADE;
COMMIT;

/*!40101 SET CHARACTER_SET_CLIENT=@OLD_CHARACTER_SET_CLIENT */;
/*!40101 SET CHARACTER_SET_RESULTS=@OLD_CHARACTER_SET_RESULTS */;
/*!40101 SET COLLATION_CONNECTION=@OLD_COLLATION_CONNECTION */;
